Amp,Pitch,Speed
0.13119202597132484,0.0,2.292028505349896
0.1219667361740459,0.0,2.2614021863375173
0.1282529018622098,0.0,2.2309018195921824
0.14815580923275057,2.2233876222457036,2.2005311550363436
0.17978074448260198,1.1252978658329391,2.1702939425924566
0.22123299380869813,0.0,2.1401939321829695
0.27061784340797274,0.0,2.1102348737303367
0.32589252418180603,0.0,2.0804205171570103
0.38289656672959277,0.0,2.050754612385443
0.4358878322711078,0.0,2.0212409093380868
0.47897685927132644,0.49231927045665697,1.991883157937394
0.5024258354608333,0.7167088726822773,1.9626851081058185
0.4917188927951764,0.8556847433017377,1.93365050976581
0.43219928594417684,0.8750312491615851,1.904783112839823
0.3345164234634182,0.7452549619037812,1.8760866672503087
0.2622791192688641,0.0,1.8475649229197204
0.2857481246825596,0.0,1.8192216297705106
0.442299095869196,0.0,1.791060537725131
0.648606063180257,0.0,1.7630853967060334
0.7936574353261671,0.0,1.7352999566356713
0.7838171144649888,0.7473268019307087,1.7077079674364972
0.6405639728347147,0.8034251316279593,1.6803131790309627
0.4321909665015284,0.5875211363244602,1.653119341341521
0.22528354012370747,0.0,1.6261302042906238
0.0627996098846684,0.0,1.5993495178007235
-0.02866046309797177,0.0,1.5727810317942732
-0.023883020514726933,0.0,1.5464284961937245
0.0704642060330634,0.0,1.5202956609215297
0.210995833308391,0.7941289906480993,1.494386275900143
0.35240216186496554,1.588817988924501,1.4687040910520137
0.46227210504665905,2.160433474844884,1.443252856299597
0.533132798070519,2.2879001394945253,1.4180363215653444
0.5603607524081655,2.131108785445434,1.3930582367717084
0.538171150494669,1.9592589754287892,1.3683223518411398
0.45686618368134213,2.010568318612255,1.3438324166960927
0.3059247689594649,2.2620817257762798,1.3195921812590197
0.09137250008672308,2.5599145302065245,1.2956053954523723
-0.08052633590831511,2.7525432728569754,1.2718758091986027
-0.06595846905615087,2.7459879864237355,1.2484071724201646
0.26203621768066243,2.494769848880557,1.225203235039509
0.8352889128495347,1.9572931532767999,1.202267746979089
1.4604761874599028,1.2017830708999377,1.179604458161357
1.9453666261133824,0.0,1.1572171185087652
2.1794863198217014,0.0,1.1351094779437654
2.139721567547427,0.0,1.1132852863888112
1.8082560975847008,0.0,1.0917482937663545
1.2612960186663493,0.0,1.0705022499988472
0.7431351998782108,0.0,1.0495509050087426
0.5154415002003964,0.0,1.0288980087184925
0.7288911593444478,0.0,1.0085473110505496
1.1906060146445003,0.0,0.988502561927365
1.6414384441932781,0.0,0.9687675112713938
1.8612447233205147,0.0,0.9493459090050852
1.8461909490688126,0.0,0.9302415050508944
1.667004145773411,0.0,0.9114580493312716
1.3932868429499485,0.0,0.8929992917686707
1.0822075531030995,0.0,0.8748689822855431
0.7835507446705421,0.0,0.857070870804342
0.5452382909371306,0.0,0.8396087072475197
0.3752111490815709,0.0,0.822486241537528
0.24177077573397165,0.0,0.8057072235968192
0.11242504858419314,0.0,0.7892754033478466
0.01973348939039962,0.0,0.7731945307130624
0.10387381860141959,0.0,0.7574683556149179
0.5150087615181921,0.0,0.7421006279758668
1.2992901325964805,0.0,0.7270950977183611
2.206846440502077,0.0,0.7124555147648528
2.9354934908132515,0.0,0.6981856290377944
3.232613920813182,0.0,0.6842891904596388
3.097477103580307,0.0,0.6707699489528379
2.609168026720821,0.0,0.6576316544398444
1.8611011761414165,0.0,0.6448780568431104
1.081511245868742,0.0,0.6325129060850885
0.5727103552148284,0.0,0.6205399520882312
0.6229221210058845,0.0,0.6089629447749905
1.2250322416903743,0.0,0.5977856340678189
2.1002332336323106,0.0,0.5870117698891691
2.960931178446316,0.0,0.5766451021614933
3.5967902762518222,0.0,0.5666893808072437
3.9158318136425514,0.5995211072943926,0.5571483557488732
3.8362686920629225,1.2540304433322154,0.5480257769088338
3.3624521905801488,1.6218882933867818,0.539325394209578
2.7243741215773905,1.4168132547435366,0.5310509575735581
2.1885213737343157,0.8136640367034119,0.5232062169232266
1.9503048383494366,0.0,0.5157949221810357
1.8739453379099356,0.0,0.5088208232694382
1.7272737615264233,0.0,0.5022876701108862
1.3175855893652577,0.0,0.49619921262783184
0.7901646719478123,0.0,0.490559200742728
0.46197961424621786,0.0,0.48537138437802707
0.63278361961806,0.0,0.48063951345618094
1.2761634745016095,0.0,0.4763673378996426
2.0873303306093964,0.0,0.472558607630864
2.755834593902821,0.0,0.4692170725722977
3.1278133365782748,0.0,0.46634648264639605
3.2716758732966222,0.0,0.4639505877756118
3.272650860798393,0.8788301897322264,0.46203313788239675
3.1857841266972984,1.2788021382705521,0.46059788288920356
2.9932762389925798,1.4631861192039046,0.4596485727184847
2.6665577952485426,1.4515063051728654,0.45918895729269243
2.1983289798338426,1.3210658571078269,0.4592227865342793
1.6722062760689902,1.1508452630866806,0.45975381036569757
1.1960935036645677,1.0375032214696784,0.4607857787093997
0.8667866239580896,1.0886976096523955,0.462322441487838
0.6945269739523785,1.4041888025256968,0.464367548623465
0.648945726182759,1.8854485777260526,0.4669248500387329
0.6991721968097364,2.2282589591816895,0.4699980956560943
0.8101517275821741,2.121647752109222,0.47359103539800146
0.9435174676511814,1.4857618372849342,0.4777074191869069
1.0611431076283504,0.6414039429986353,0.4823509969452629
1.1381582292796981,0.0,0.48752551859552185
1.1671358995348482,0.0,0.4932347340601361
1.141893820490183,0.0,0.49948239326155824
1.0680148003540335,0.0,0.5062722461222406
0.9772696593319222,0.0,0.5136080425646353
0.9049631143627785,0.6424517042365732,0.5214935325111951
0.8788937881971765,0.8835688201233665,0.5299324658843724
0.897422325615719,0.9610967163473192,0.5389285926066191
0.9516936245104877,0.9069338039347202,0.5484856626003882
1.03114311873765,0.8129633894935377,0.5586074257881317
1.113060034305757,0.7681106062769119,0.5692976320923021
1.1694748171716634,0.7822366327943646,0.5805600314353517
1.1730392704199029,0.7891023590287967,0.5923983737397333
1.1053629940229983,0.7199220317705444,0.6048164089278988
0.9546309331986704,0.5414867039397487,0.6178178869223009
0.7105611594571106,0.0,0.6314065576453916
0.40973441224610924,0.0,0.6455861710196238
0.14592059030394275,0.0,0.6603604769674497
0.016016844888361366,0.0,0.6757332254113217
0.0652313604059398,0.0,0.691708166273692
0.2325544209915588,0.8925586565134728,0.7082890494770134
0.44391793880368,1.9849081260470058,0.7254796249437377
0.6372828523883869,2.65146559887212,0.743283642596318
0.7939020023148818,2.393142493736351,0.761704852357206
0.9047639044169818,1.4286023149720188,0.7807470041488546
0.9627815621445192,0.0,0.8004138478937161
0.9733576418240368,0.0,0.8207091335142427
0.9468797276363434,0.0,0.8416366109328867
0.8938414390240151,0.0,0.863200030072101
0.8258999897317328,0.0,0.8854031408543374
0.7555042202783098,0.0,0.9082496932020488
0.6949090433836548,0.0,0.9317434370376874
0.6502896346999458,0.0,0.9558881222837055
0.6209385044143733,0.9501327095291866,0.9806874988625555
0.6057444446889494,1.8552186850586734,1.0061453166966898
0.5998803284259107,2.245755271367881,1.0322653257085612
0.5914629888715559,1.7426397793491035,1.0590512758206216
0.5678215187616164,0.790188557272724,1.0865069169553234
0.5206538800826813,0.0,1.1146359990351191
0.4560940445486277,0.0,1.143442271982461
0.3832535527770999,0.864401402044193,1.172929485719802
0.31499370137475985,1.6569340185354025,1.203101390169594
0.2864343102201286,1.99508395344956,1.2339617352542895
0.3408764337990931,1.777452437216342,1.2655142708963407
0.5152370901578489,1.2587936816838463,1.297761111897908
0.7743891817664654,0.702549701247684,1.330549545541058
1.0378025607077765,0.0,1.3634469018029207
1.2271175629654327,0.0,1.3959910626330492
1.3364665733298593,0.0,1.4277199099809963
1.4361239458407515,0.0,1.4581713257963163
1.5992112652678598,0.0,1.4868831920285623
1.8329994122961766,0.6980909386283101,1.5133933906272878
2.029116390757584,0.7902381324264285,1.537239803542046
2.067499856514226,0.7802188908128068,1.5579603127223909
1.8815528979388763,0.7402402331658604,1.5750928001178748
1.567004172253383,0.7342123823133543,1.5881751476780521
1.250273980850523,0.7637284400962513,1.5967452373524753
1.0392953768826758,0.80205531433131,1.6003409510906996
0.941514128104408,0.8238063808559694,1.5985001708422764
0.9303973758943892,0.8258084107220097,1.5907607785567606
0.9797894581813793,0.8219558459842309,1.5766606561837049
1.0676453118372056,0.8263262683162018,1.5557376856726628
1.174318054558444,0.843487894188352,1.5275297489731876
1.2805761384799874,0.8658638819610346,1.4915814806035523
1.3756540070772363,0.8851114555348959,1.4479192362592122
1.4570370516128197,0.8974770380725215,1.3973637488081494
1.522308666309779,0.9091029595362982,1.34080998195671
1.5523302567599613,0.9274188870060482,1.279152899411243
1.5007837325205402,0.9563417492797337,1.2132874648780945
1.318944580552738,0.9864731579470953,1.1441086420636115
1.0251333473959072,1.0052602717741008,1.072511394674142
0.8248760920125097,1.0033554307958663,0.9993906864160326
0.9561199139658049,0.9933784185787239,0.925641480995631
1.5787848226597125,0.9971596497488108,0.8521587421192846
2.464097535749205,1.0346506744355275,0.77983743349334
3.262487363177117,1.1003009293682275,0.7095725188241447
3.660250424045754,1.1703939576277556,0.6422589618180463
3.6747706066999983,1.2213359611379984,0.5787917261813914
3.5021181648316215,1.2458717166929298,0.5200657756205277
3.3333290866170824,1.2561003563985695,0.4669760738418025
3.2285844664611134,1.2651796230558114,0.4204175845515627
3.1297360866863286,1.2779641069512488,0.3812759882074556
2.9747123147022685,1.2827728943692467,0.3499150293086181
2.7202089558099742,1.2659677346099731,0.3259089913312913
2.3511734783435005,1.2243189927997888,0.3087664806204229
1.8550049495339351,1.1908088839166318,0.2979961035209598
1.2711988270082648,1.2062895405793137,0.293106466377849
0.7731673035600185,1.294009248326989,0.2936061755360378
0.5555435528728817,1.3669501593450928,0.2990038373404729
0.7484841340843025,1.2954916096489164,0.30880805813610174
1.187597304591742,0.9677188544980474,0.32252744426787117
1.6244285892103758,0.48517940113545843,0.3396706020807287
1.8375415692974673,0.0,0.35974613791961996
1.8318965084381158,0.0,0.3822626581294942
1.7253896348577509,0.0,0.40672876905529587
1.6321935314032718,0.6918087165472327,0.43265307704197464
1.5886510178573692,0.9825543296928317,0.45954418843447536
1.5658125830672507,1.0477296557616418,0.4869107095777471
1.5330582123027512,0.9761765335750684,0.5142612468167346
1.4758970860634473,0.8790283439104293,0.5411044064963874
1.4023385093098129,0.838146416774342,0.5669487949616501
1.322047118023338,0.8418656966793548,0.5913030185574721
1.2404916871449743,0.8598819028528277,0.6136756836287984
1.1532013227719227,0.866147523526884,0.6335753965205778
1.0542658072421578,0.8590144345917262,0.6505177815804004
0.9429336968238647,0.8455123853704289,0.6643194407924113
0.8400736314811682,0.8322964891290774,0.6752050710956373
0.7722171605313398,0.8218567629241819,0.6834284353735572
0.761524031602881,0.8141370806340983,0.6892432965096482
0.7968067769755617,0.8090230777152784,0.6929034173873876
0.851516073810866,0.8058830721451988,0.6946625608902536
0.8998075516659508,0.8035578822361625,0.6947744899017234
0.9278009831531523,0.8008799416556389,0.6934929673052744
0.9309251560342506,0.7978871648101467,0.691071755984385
0.9053647005870039,0.7966704207747882,0.687764618822532
0.8669586983041977,0.7995199036928031,0.6838253187031933
0.8569658851879387,0.8078397814239611,0.6795076185098465
0.9181931901684274,0.8204321668081375,0.6750652811259691
1.066503754925445,0.8356239406937208,0.670752069435039
1.2588797854089673,0.8518935374864737,0.6668217463205333
1.4445243752899772,0.8685151345939908,0.6635280746659302
1.585473339693442,0.885023170942524,0.6611248173547069
1.693108197761513,0.9009755514270127,0.6598657372703409
1.7906696491096459,0.9161583150773338,0.6600045972963103
1.8975322039608584,0.9304865684478856,0.6617951603160922
2.006168172274098,0.9437795939782305,0.6654911892131646
2.097616521286158,0.9538271244281289,0.6713464468710045
2.151882952088579,0.956498649312334,0.6796146961730906
2.135494130594577,0.9477141665074443,0.690549700002899
2.005253004697137,0.9313074396165582,0.7043969815953668
1.7201103842253809,0.9235894370512537,0.7211298506113784
1.3163213251208588,0.9419357669587063,0.7403935566309868
0.9228679743255914,0.982897802309151,0.7618138182154758
0.6736824131763675,0.9867607422273927,0.7850163539261329
0.6288011133210151,0.8844007374059023,0.8096268823242417
0.6991451367730198,0.6326543826650024,0.8352711219710901
0.777696646712597,0.0,0.8615747914279615
0.7837474100521147,0.0,0.8881636092561437
0.7294354635761794,0.0,0.91466329401692
0.6473696646330448,0.0,0.9406995642715786
0.5700346092295971,0.0,0.9658981385814026
0.5291248622404982,0.0,0.9898847355076799
0.5560255385443954,0.0,1.0122850736116935
0.6772772362733862,0.0,1.0327248714547321
0.8602935503418443,0.0,1.0508298475980786
1.0329594914500306,0.0,1.0662257206030208
1.1249534166112383,0.7593880291149349,1.0785382090308426
1.1367063860377746,0.8722716429184982,1.0873930314428302
1.147381796984656,0.6742338128008895,1.0924159064002705
1.2395255880798137,0.0,1.0932325524644475
1.4183961575510038,0.0,1.089468688196647
1.5451081308525518,0.0,1.0807500321581553
1.4650387951711956,0.0,1.066719823504259
1.0979313385182445,0.0,1.0474877030141208
0.6045162866205943,0.0,1.0236679347053894
0.19425180489552815,0.0,0.9958999623824486
0.03764654356261031,0.0,0.9648232298496758
0.07864577005096822,0.0,0.9310771809114549
0.17948976172043574,0.0,0.8953012593721624
0.21600982768070692,0.0,0.8581349090361827
0.21475618175407254,0.0,0.8202175737078933
0.29560467725713935,0.0,0.7821886971916774
0.5740381941590622,0.0,0.7446877232919131
1.0245845916243757,0.0,0.7083540958129837
1.4762380234108456,0.0,0.6738272585592667
1.7524364241561317,0.0,0.6417466553351456
1.7697779683585209,0.0,0.6127517299449986
1.6055771913419645,0.0,0.5874819261932084
1.353067529707574,0.0,0.5665766878841533
1.0965785415559104,0.0,0.5506754588222157
0.8939228785900044,0.0,0.5404176828117752
0.7979989864739897,0.0,0.5364428036572128
0.8447334638618821,0.6990546575377303,0.5393608350343495
0.9796341889417735,0.8503338215100539,0.5491226103261745
1.1182180559373884,0.8821934622332535,0.5650294753640606
1.182006920699283,0.845875373484562,0.5863552845324143
1.1524461508880781,0.7936346835479763,0.612373892215646
1.0453251491542024,0.7590322858850139,0.6423591527981609
0.8774263815102883,0.7521622588233546,0.6755849206643705
0.6780391570807551,0.7815001446207985,0.7113250501986792
0.48843462372649976,0.833591630866291,0.7488533957854986
0.350196496729056,0.8485520483360515,0.7874438118092333
0.29389931375038125,0.7605845916828228,0.826370152654295
0.332536366228979,0.5351613701797232,0.8649062727050882
0.477478319449471,0.0,0.9023260263460245
0.7072587970331299,0.0,0.9379032679615091
0.9104525940834561,0.0,0.970911851935952
0.9603674459504701,0.0,1.0006256326537593
0.7779043092565675,0.0,1.0263184644993413
0.516381411369265,0.0,1.0472642018571041
0.39995524608051375,0.0,1.0627366991114575
0.6223884193335317,0.0,1.0720098106468086
1.1031740973348645,0.0,1.0743907015409975
1.6164188749827872,0.0,1.0698216335030686
1.9442815898623695,0.8179000425191574,1.0588147063819413
2.045072975050524,1.06444710361363,1.0419022309041557
2.033681229798837,1.1202955194202315,1.0196165177962495
2.0292696917518827,1.0636424026867386,0.9924898777847632
2.0885483026974043,0.9898013460315009,0.9610546215962347
2.175842955744362,0.9704323460227519,0.925843059957205
2.248066199715876,0.9964992263681112,0.8873875035942107
2.2775887615084547,1.0417721274583307,0.8462202632337938
2.2757769967105963,1.0829959931046371,0.8028736496024901
2.2600510913706136,1.115172234043648,0.7578799734268423
2.239956628610644,1.1402239344656342,0.7117715454333859
2.1897703232739256,1.1599301079574125,0.6650806763486643
2.0738988899493966,1.174228481056766,0.618339676899212
1.8679241169602774,1.1818625162608376,0.5720808578115725
1.6390438154971472,1.1817111849463904,0.5268365298122806
1.4993350127546696,1.176785866983661,0.48313900362787976
1.5542061093540622,1.174562029984458,0.4415205899849053
1.7930369144255776,1.182675947955469,0.40251359960989963
2.109531839166195,1.2029544213402177,0.3666503432293987
2.395311374712799,1.226719628659163,0.334463131569945
2.5760726441923216,1.24418983301955,0.306460700432317
2.624230458037435,1.2479779234231143,0.28277104708377176
2.515703039935946,1.238200806082606,0.2632140674239281
2.2578168362847038,1.216441372306727,0.24760081423089209
1.9309325973013471,1.184525141970898,0.23574234028276686
1.625768475837796,1.1456405730977208,0.22744969835765774
1.4164274154296013,1.1034516856144672,0.22253394123366857
1.3087395279293312,1.0615052876989683,0.22080612168890412
1.2910014361554598,1.0221044259936436,0.2220772925014687
1.3479139220857146,0.9868051563228738,0.2261585064494665
1.437325183982691,0.9571093182088694,0.23286081631100244
1.5049386956282411,0.9335016511133822,0.24199527486418015
1.500929806507663,0.9154474127187763,0.25337293488710505
1.4426096013888934,0.9023673576951232,0.26680484915788055
1.3986300515176724,0.8936829197537006,0.282102070454612
1.4371110497708608,0.8888166687021931,0.2990756515554028
1.5582596961307962,0.8871914787522276,0.3175366452383587
1.6759548267815405,0.8884282039634237,0.33729610428158235
1.6988065421418355,0.8927180709333082,0.3581650814631802
1.591536044387934,0.9003544027656456,0.3799546295612547
1.4392562137180975,0.9112299077862813,0.402475801353912
1.342650674394867,0.9231754531588722,0.4255396496192547
1.3692805209724426,0.9333604617489862,0.4489572271353894
1.4618260194599186,0.9391605387020449,0.47253958668041834
1.5335414829714067,0.9399264004047421,0.49609778103244756
1.5113985629383848,0.9361064171735858,0.5194428629695802
1.4158524138303308,0.9282068203141937,0.542385885269922
1.3063558312855552,0.9176672608524807,0.564737900711576
1.238654605331821,0.9067955113312028,0.5863180436457395
1.2176235610404873,0.8978969536972681,0.6070526030365543
1.2120722491288585,0.8911564362045898,0.6269438357508311
1.1907487438257454,0.8834737285245107,0.645995610635353
1.1446182268058305,0.8714709406177277,0.664211796536906
1.0908405708854838,0.8543368642287439,0.6815962623022732
1.0479903819099783,0.8380651417796027,0.6981528767782402
1.0227413185486234,0.8297644186083978,0.7138855088115907
0.9981834341283365,0.8338176264358008,0.7287980272491104
0.9546312667149689,0.8417455820275741,0.7428943009375822
0.8813954992285803,0.8412788102990089,0.7561781987237924
0.7989178781489426,0.8222208420633269,0.768653589454524
0.7343694203756297,0.7923777960424437,0.7803243419765631
0.7100142061034989,0.7688062039418673,0.7911943251366927
0.717551525087225,0.7676381226878625,0.8012674077816989
0.7369321494552371,0.7871178481600725,0.8105474587583645
0.7497752114644471,0.810054826879709,0.8190383469134758
0.7578702653891038,0.8189611218644944,0.8267439410938157
0.7762574202476633,0.8066313658918229,0.8336681101461703
0.8193399175445417,0.7806188782852282,0.8398147229173226
0.8779072478229585,0.7496163604599558,0.8451876482540586
0.9169193540428097,0.7217521910415128,0.849790755003162
0.9003670617769304,0.7037764934784837,0.8536279120114176
0.8262185843326847,0.7022329154888449,0.8567029881256097
0.7546846300841288,0.7207850077458068,0.8590198521925233
0.7526218241424963,0.7506297565865934,0.8605823730589426
0.8629561747754722,0.7795918536568474,0.8613944195716522
1.0525573803615025,0.7965842690274751,0.8614598605774366
1.2732197270341865,0.7991165315353916,0.8607825649230804
1.4757513792222057,0.7887787644278221,0.8593664014553684
1.6053392014592223,0.7677687649168113,0.8572152390210849
1.605181177171066,0.7475414061914754,0.8543329464670143
1.4288349298581096,0.746960772470603,0.8507233926399416
1.1412158732286852,0.7842181165373242,0.8463904463866508
0.8749857074206029,0.8413629749883702,0.8413379765539268
0.7587770380790211,0.8523586979159608,0.8355698519885539
0.8033899126267897,0.7480596642723935,0.8290899415373173
0.9000333254470528,0.5083803912868309,0.8219021140470004
0.9353472655400042,0.0,0.8140102383643887
0.8555430896599546,0.0,0.8054181833362662
0.7077934754178914,0.0,0.7961298178094184
0.5490379982090784,0.0,0.7861490106306285
0.4240353029667354,0.0,0.775479630646682
0.34195832040963703,0.0,0.7641255467043626
0.3055162372254228,0.0,0.7520906276504558
0.31807556513871443,0.0,0.7393787423317458
0.38643537739681544,0.0,0.7259937595950171
0.5185115252961411,0.0,0.7119395482870539
0.7181686780962134,0.0,0.6972199772546415
0.949874217946608,0.0,0.6818389153445631
1.1559145648563456,0.0,0.6658002314036047
1.2801697050327647,0.6316431422806323,0.6491077942785516
1.3046299485806143,0.8149071425144859,0.6317695127549519
1.2471750522289142,0.849148054340654,0.6138316243034505
1.1273619476461954,0.8070678016641798,0.5953615292437039
0.9821249564632984,0.7768014222302558,0.5764268502108455
0.8756652764307188,0.8125209635387637,0.5570952098400058
0.8745013762768167,0.8446288647011345,0.5374342307663194
1.0049073784030318,0.7753414474512034,0.5175115356249195
1.1849801767900663,0.5334194071318296,0.4973947470509409
1.3148268935513332,0.0,0.47715148767951293
1.318814120154039,0.0,0.45684938014577076
1.2374477323411213,0.0,0.43655604708484724
1.1459479957900573,0.0,0.4163391111318775
1.1128201960335804,0.6738928856904791,0.39626619492199083
1.1472760404222024,0.867770970347845,0.37640492109032203
1.2276574303196035,0.8854995518270286,0.3568229122720045
1.3323511222465165,0.8289600890303479,0.3375877911021727
1.4454064729625458,0.8075382758761662,0.31876718021595635
1.5558204278882373,0.8601933251072141,0.3004287022484906
1.652968031007462,0.8906118769896327,0.2826399798349082
1.736968428161171,0.7871575379141262,0.2654686356103438
1.8235587658022552,0.498148010577664,0.2489822922099274
1.9296408155216354,0.0,0.23324857226879384
2.0489285402213238,0.0,0.21833509842207596
2.117728046869118,0.0,0.2043094933049082
2.06361495964915,0.0,0.19123937955242107
1.839747933395702,0.8344674661071373,0.17919237979974903
1.5116246742052626,1.0395842035977862,0.1682361166820251
1.1755692772359572,1.051200460347607,0.15843821283438322
0.9196531805362834,0.9191308587668873,0.1498662908919547
0.765729352223753,0.6945242544168035,0.14258797348987357
0.7037982551221524,0.0,0.13667088326327295
0.7233450795578561,0.0,0.13218264284728626
0.8088021234267836,0.0,0.1291908748770457
0.9405063645246691,0.0,0.1277632019876849
1.098735805582895,0.0,0.12796724681433694
1.2662602760301984,0.0,0.12987063199213458
1.4292070208257182,0.0,0.13354098015621135
1.5739815716488064,0.7952327770043615,0.13904591394170024
1.6967392384859943,1.125118441254329,0.14645305598373426
1.815890661812769,1.2593903169380027,0.1558300289174457
1.9529371898128243,1.2357160114259398,0.16724445537796917
2.1075367464442216,1.143032561592351,0.180763958000437
2.191344594540337,1.0650962188106528,0.1964561594199825
2.09385696034624,1.0317023399292877,0.21438868227173688
1.7303543977014275,1.0408071154227507,0.2346272778602758
1.2046448957795823,1.0883670257783484,0.25709776111688265
0.7042452664809583,1.1347704157119634,0.28149144365138096
0.4053362297877137,1.1053604963561647,0.3074772572785945
0.314972823016783,0.9250561541004719,0.3347241338133545
0.3130947335886074,0.5936294142944603,0.362901005070485
0.27987273909811294,0.0,0.39167680286481243
0.2142035773480829,0.0,0.42072045901116073
0.26332032447638265,0.0,0.4497009053243614
0.5830474156006432,0.0,0.47828707361923833
1.204958860445844,0.0,0.5061478957106178
1.8988711951469055,0.0,0.532952303413324
2.401463360471934,0.0,0.5583692285421883
2.5225507074596174,0.0,0.5820676029120344
2.3423163477772566,0.0,0.6037163583376889
2.0034053005912518,0.0,0.6229844266339765
1.6409721933027808,0.744208088644137,0.6395407396157268
1.3401722117480959,0.918905065904629,0.653054229097765
1.1656884079944767,0.93810846169395,0.6631938268949171
1.1747125556040978,0.8313436047313988,0.6696284648220089
1.328341521823508,0.6308304098989409,0.6720270746938684
1.520721597054187,0.0,0.67006373144403
1.6466176779276995,0.0,0.6637028853380754
1.6611321146336504,0.0,0.6533488977131807
1.5892935602586702,0.0,0.6394428074650618
1.4599536199739271,0.0,0.6224256534894381
1.2912826403315278,0.0,0.6027384746820276
1.0806637557227512,0.0,0.5808223099385509
0.8230882840412513,0.0,0.5571181981547222
0.5309098676769811,0.0,0.5320671782262618
0.27540009580738145,0.0,0.5061102890488878
0.14031633078422495,0.0,0.47968856951832095
0.19302974705095294,0.0,0.453243058530275
0.4009067923500554,0.0,0.42721479498047027
0.6935937170999437,0.0,0.4020448177646254
1.0016990119718987,0.0,0.3781741657784604
1.267832844831461,0.0,0.35604387791768954
1.4423525226833682,0.0,0.33609499307803314
1.4775947548227735,0.6633736566670269,0.31876855015520966
1.3745627781988834,0.9084615607485501,0.3045055880449384
1.1865869472775428,1.0115127278346498,0.29374714564293514
0.9693738837505114,0.974973041099013,0.28693426184491955
0.759323357131112,0.8124132926528354,0.28442027215344595
0.55809451446922,0.5490726989155515,0.2860520953011475
0.3637275208318768,0.0,0.2914952838735227
0.20236939283954322,0.0,0.30041515948770187
0.18778127220141833,0.0,0.31247704376081503
0.4507476843425499,0.0,0.327346258309991
1.0716379704690335,0.0,0.34468812475236255
1.8491719067686114,0.0,0.3641679647050586
2.4843069573189798,0.0,0.38545109978520925
2.7067346837367054,0.0,0.40820285160994285
2.548883092399934,0.0,0.4320885417963934
2.2241248005065724,0.0,0.45677349196168926
1.9422324242795381,0.6108648465777404,0.48192302372296053
1.7748419252855596,0.81210661052401,0.5072024586973349
1.6557753260446615,0.8720860196651193,0.5322771185019475
1.5135021843524739,0.8422658057472865,0.5568123247539258
1.3215624013282583,0.7888982040327285,0.5804733990704003
1.1285393164567912,0.7642918614622142,0.602925663068499
0.9900983544741009,0.7664611395277944,0.6238344383653561
0.942882943994888,0.7802070775965779,0.6428650465781001
0.9690203635921444,0.791572118856336,0.6597373810032087
1.04093299409636,0.7953523551657047,0.6744537323684859
1.1272907686433338,0.7901083634620828,0.6871074647946602
1.1775557633706146,0.7750572581362226,0.6977919869579373
1.1350605866317436,0.7582847270787869,0.7066007075345243
0.9527008655398423,0.7543453382312485,0.7136270352006299
0.6743115052604246,0.7770510469791697,0.7189643786324599
0.394020447259428,0.810435067616714,0.7227061465062222
0.20373930354092962,0.8024169900388228,0.7249457474981237
0.140171905175651,0.6990115973889329,0.725776590284372
0.18891620986402763,0.48511641232593333,0.7252920835411745
0.33340125602053183,0.0,0.7235856359447383
0.5426615386893199,0.0,0.7207506561712708
0.7635383984841981,0.0,0.716880552896979
0.9410202513207161,0.0,0.71206873479807
1.042363921521114,0.0,0.7064086105507514
1.0935609403076527,0.0,0.6999935888312312
1.1301733767126032,0.5700732674314659,0.6929170783157154
1.177690869964425,0.7812341038722416,0.6852724876804115
1.2143295041379643,0.7387811541725022,0.6771532256015272
1.2044485775669607,0.0,0.6686527007552705
1.1189565340500185,0.0,0.6598643218178469
0.9852985251880613,0.0,0.6508814974654648
0.8598275971178005,0.0,0.641797636374331
0.7961402788710594,0.0,0.632706147220654
0.7947818956231231,0.0,0.6237004386806394
0.8107356145659594,0.0,0.6148739194304952
0.798123149923155,0.5273134037194139,0.6063199981464285
0.7411725716661131,0.6853038601138768,0.5981320835046475
0.6671190185424716,0.7183204841844258,0.5904035841813582
0.6064703474852574,0.6738481151834714,0.5832279088527682
0.5800257482709318,0.6187135094126925,0.5766811708783744
0.584993279374412,0.6086533650308671,0.5707638095248496
0.6150667241008437,0.6340578986318398,0.5654555728274507
0.6620613746078942,0.6614643579229691,0.5607362083157484
0.7097051052736634,0.6607490921025172,0.5565854635193124
0.7395497981259362,0.6394656204845779,0.552983085967713
0.7346707935197189,0.628760480348796,0.5499088231905195
0.690107123880078,0.6582924516310322,0.5473424227173018
0.6065484787971316,0.7116951523670559,0.5452636320776302
0.48602720419173817,0.7245603689725919,0.5436521988010745
0.3512129650982136,0.6308725961874091,0.5424878704172043
0.24121561612984632,0.0,0.5417503944555898
0.19464340918573725,0.0,0.5414195184458006
0.2112162773820014,0.0,0.5414749899174071
0.23915754702879252,0.0,0.5418965563999785
0.223378255181219,0.0,0.5426639654230853
0.15844680046060497,0.0,0.5437569645162971
0.15020759792851118,0.0,0.5451553012091835
0.31963671283845924,0.0,0.5468387230313151
0.7339821826321296,0.0,0.5487869775122612
1.2482606573823822,0.0,0.5509798121815921
1.665092782638094,0.0,0.5533969745688772
1.8165383538396143,0.0,0.5560182122036867
1.7454305350750339,0.0,0.5588232726155907
1.5864748404350513,0.0,0.5617919033341588
1.4676341872130845,0.6899907132269717,0.5649038518889605
1.4166288534316018,0.8674486742011215,0.5681388658095666
1.3871315917464628,0.8888065709295038,0.5714766926255466
1.3318465776261168,0.8330411620053086,0.5748970798664702
1.2297554465041152,0.7900590816093552,0.5783797750619072
1.0921093829772166,0.8093501597807164,0.5819045257414279
0.9321705122590316,0.8283306817215345,0.585451079434602
0.7681580312497943,0.7651498728641032,0.5889991836709993
0.6285453311048198,0.5629177118811406,0.5925285859801895
0.5430760248753257,0.0,0.596019033891743
0.529469026799456,0.0,0.5994502749352297
0.5618565714663428,0.0,0.602802056640219
0.6044982247800346,0.0,0.606054126536281
0.627132665424517,0.0,0.6091862321529857
0.635324705678719,0.0,0.6121781210199029
0.6490360589854328,0.0,0.6150095406666025
0.6862900664275908,0.0,0.6176602390850447
0.7401561656756848,0.0,0.6201155979864469
0.786618771125411,0.0,0.6223806689000321
0.8017490659678198,0.0,0.6244647936097412
0.7739622484510542,0.0,0.6263773138995148
0.7057353726972339,0.0,0.6281275715532946
0.6004010600106799,0.0,0.629724908355021
0.47168072913677966,0.0,0.6311786660886352
0.3531523676561304,0.0,0.6324981865380778
0.2806282323498155,0.0,0.6336928114872902
0.27411061565606143,0.0,0.6347718827202129
0.3009893027402446,0.0,0.635744742020787
0.3177235804708866,0.0,0.6366207311729535
0.28907818357268955,0.0,0.6374091919606534
0.22948448163788437,0.0,0.6381194661678276
0.1717555754880209,0.0,0.6387608955784166
0.14598993085823633,0.0,0.6393428219763617
0.15110962717765233,0.0,0.6398745871456042
0.16626287455035788,0.0,0.6403655328700842
0.1708407346683041,0.0,0.6408250009337433
0.15843018618377186,0.0,0.6412623331205222
0.13762220205871153,0.0,0.6416868712143619
0.11767943678755868,0.0,0.6421079569992032
0.10367787297689782,0.0,0.6425349322589871
0.09329331435101348,0.0,0.6429771387776545
0.08344632467022967,0.0,0.6434439183391466
0.07307049348861122,0.0,0.643944612727404
0.06725418574217681,0.0,0.6444885637263676
0.07225797661800246,0.0,0.6450851131199786
0.09204267335695598,0.0,0.6457436026921778
0.11797708005986825,0.0,0.6464733742269062
0.13714229528010508,0.0,0.6472837695081045
0.13799983082963835,0.0,0.648184130319714
0.12321289615513104,0.0,0.6491837984456753
0.10378383903028256,0.0,0.6502921156699296
0.09048053249919359,0.0,0.6515184237764178
0.0865018395413774,0.0,0.6528720645490805
0.08762371566646861,0.0,0.6543623797718588
0.08934162747355122,0.0,0.6559987112286941
0.0893145536495255,0.0,0.6577904007035267
0.0887406438413697,0.0,0.6597467899802977
0.08914505137198309,0.0,0.6618772208429482
0.09185969800647102,0.0,0.6641910350754191
0.09767320054900946,0.0,0.6666975744616512
0.10727938966609535,0.0,0.6694061807855854
0.12037893409098635,0.0,0.672326195831163
0.13168909555341696,0.0,0.6754669613823244
0.1343674203932076,0.0,0.6788378192230112
0.12288580180947452,0.0,0.6824481111371634
0.1039397357914053,0.0,0.6863071789087231
0.09086489594909784,0.0,0.6904243643216301
0.0963410845036437,0.0,0.6948090091598264
0.118955814068661,0.0,0.6994704552072514
0.14447341030818486,0.0,0.7044180442478477
0.1583399883302866,0.0,0.7096611180655557
0.154427136726211,0.0,0.7152090184443158
0.13937081715753014,0.0,0.7210710871680692
0.12086716768876253,0.0,0.7272566660207572
0.10472514973057101,0.0,0.7337750967863206
0.09186926654546435,0.0,0.7406357212486997
0.08244422390335544,0.0,0.7478478811918364
0.07682640971855977,0.0,0.755420918399671
0.0764582508919621,0.0,0.7633641746561449
0.08308859308826076,0.0,0.771686991745198
0.09774614833924414,0.0,0.7803987114507727
0.11537859930828359,0.0,0.789508675556809
0.1278800952265011,0.0,0.7990262258472484
0.1277173576382223,0.0,0.8089607041060302
0.1176383390567024,0.0,0.8193214521170976
0.10907020963041388,0.0,0.8301178116643908
0.11349244140051054,0.0,0.8413591245318502
0.13213569096663685,0.0,0.8530547325034162
0.15184285847326479,0.0,0.8652139773630313
0.15840245843630793,0.0,0.8778462008946359
0.1444485423597478,0.0,0.8909607448821708
0.11894183320468595,0.0,0.9045669511095754
0.09322521285150617,0.0,0.9186741613607932
0.07866907417712209,0.0,0.9332917174197645
0.08675993721769536,0.0,0.9484289610704294
0.12901495772849272,0.0,0.9640952340967275
0.22032321407423036,0.0,0.9802998782826035
0.401493749189736,0.0,0.9970522354119957
0.7253559175064168,0.0,1.014361647268846
1.2371799565531847,0.0,1.032237455637093
1.865174682996047,0.0,1.0506890023006812
2.4458918961283724,0.0,1.0697256290435497
2.8161896033137133,0.9090583509640815,1.0893566776496402
2.920474526103967,1.2261696227630896,1.1095914899028907
2.843126912177555,1.3217382346453443,1.1304394075872461
2.6778040673934225,1.2834420223773986,1.1519097724866463
2.497421812338031,1.2338472616180427,1.1740119263850313
2.329265070412436,1.272260944840236,1.1967552110663406
2.194543501352614,1.374973638510818,1.2201489683145188
2.1046050816231574,1.4777577919018812,1.2442025399135048
2.0326037892476005,1.523278944692446,1.2689252676472398
1.942448402115482,1.5224444520962537,1.2943264308653746
1.8020775802864422,1.525020712990329,1.320404391194735
1.607684840457471,1.5772698915329524,1.3471342019751378
1.3675532929346483,1.6420575448765893,1.3744879194337694
1.0908039442939248,1.6028502999254945,1.4024375997978131
0.7974265399074257,1.3417804034704335,1.4309552992944596
0.5153011900053739,0.8574223159565566,1.4600130741508923
0.27338898928967414,0.0,1.4895829805942964
0.1306057348110026,0.0,1.5196370748518568
0.1820239269350044,0.0,1.5501474131507624
0.5240263511905431,0.0,1.5810860517181982
1.1317044495000939,0.0,1.6124250467813492
1.7337713166657864,0.0,1.6441364545673987
2.0290691883692586,0.0,1.6761923313035378
1.8303102179256918,0.0,1.7085647332169496
1.3549297280229111,0.0,1.7412257165348204
0.9102409315455202,0.801241957651667,1.7741473374843328
0.752265872378066,1.1855771366235432,1.8073016522926781
0.808482600962762,1.1849047884907802,1.84066071718704
0.8767974607315585,0.8052387666233065,1.874196588394604
0.7760486419738767,0.0,1.9078813221425526
0.586732027352336,0.0,1.941686974658078
0.5653876607568312,0.0,1.9755856021683635
0.9624690948568957,0.0,2.0095492609005943
1.761993218762822,0.0,2.0435500070819526
2.64963311431309,0.0,2.077559896939632
3.2966645377037307,0.8454234930651756,2.1115509867008133
3.5217568930597176,1.180425231173845,2.1454953325926844
3.4202752451017457,1.3495770567991725,2.179364990842426
3.118074016939241,1.3410976717589915,2.2131320176772324
2.7187283623026914,1.1646495950756084,2.2467684693242846
2.2531033334182418,0.8380243050021354,2.280246402010769
1.737255284528873,0.0,2.313537871963868
1.1948982088222777,0.0,2.3466149354107744
0.6946187515068148,0.0,2.3794496485786696
0.32129832831757055,0.0,2.4120140676947415
0.15013642566409374,0.0,2.444280248986171
0.14865461973287092,0.0,2.476220248680151
0.217271076765067,0.0,2.5078061230038635
0.258036045212065,0.0,2.5390099281844956
0.23832561881051226,0.0,2.5698037204492294
0.19338580053419244,0.0,2.6001595560252566
0.1613682956224107,0.0,2.6300494911397596
0.15943228998142447,0.0,2.6594455820199254
0.16828654383160352,0.0,2.688319884892936
0.16500447844318034,0.0,2.716644455985984
0.13629165110507876,0.0,2.7443913515262515
0.09774095268249167,0.0,2.7715326277409247
0.07033795532523272,0.0,2.7980403408571863
0.07050687171042398,0.0,2.8238865471022283
0.0901932080728684,0.0,2.8490433027032336
0.11316603188628653,0.0,2.873482663887387
0.12449542039573823,0.0,2.897176686881874
0.12235702684281304,0.0,2.9200974279138827
0.11248648051285683,0.0,2.9422169432105996
0.10067128210576723,0.0,2.9635072889992076
0.09184999305131447,0.0,2.983940521506892
0.09014278215642962,0.0,3.0034886969608423
0.09956114717935666,0.0,3.0221238715882417
0.11911839392457534,0.0,3.039818101616278
0.13979458425113264,0.0,3.056543443272134
0.15185053439969892,0.0,3.0722719527829994
0.1500885814588269,0.0,3.086975686376057
0.14183919754959012,0.0,3.100626700278494
0.13657475718048723,0.0,3.113197050717494
0.14191718947749746,0.0,3.1246587939202484
0.15638637343934167,0.0,3.134983986113937
0.17570826783272886,0.0,3.144144683525748
0.19532789636149425,0.5968593172046691,3.152112942382868
0.20814285797834756,0.7739239575967791,3.1588608189124807
0.20569153927563522,0.8372728829444906,3.164360369341776
0.18025326859561963,0.7899241221471444,3.1685836498979345
0.13840240645513416,0.6376402767863663,3.171502716808147
0.09949948043162707,0.0,3.173089626299596
0.08310337840094491,0.0,3.173316434599467
0.09515937983110583,0.0,3.172155197934948
0.1213464085464409,0.0,3.1695779725332254
0.1457059213409895,0.0,3.165556814621482
0.1571945942227794,0.0,3.1600637804269063
0.15725352816744403,0.0,3.1530709261766816
0.1492764933645409,0.0,3.144550308097997
0.13655169791728822,0.0,3.1344739824180365
0.12189114480035111,0.0,3.122814005363985
0.10797261616569606,0.0,3.1095429464056408
0.09728552215125184,0.0,3.0946582281537096
0.09076288552900928,0.0,3.078192719852459
0.08857025725641919,0.0,3.060182006766346
0.09068933861331042,0.0,3.0406616741598316
0.09410439548041699,0.0,3.0196673072973725
0.09331251943522559,0.0,2.9972344914434275
0.08294055305587753,0.0,2.9733988118624572
0.06677652341073301,0.0,2.948195853818921
0.06124765979517432,0.0,2.9216612025772726
0.08369243279986997,0.0,2.893830443401975
0.1482349753177992,0.0,2.864739161557486
0.26147443047063323,0.0,2.834422942308267
0.4289346414159324,0.0,2.802917370918772
0.6480780801408104,0.0,2.7702580326534605
0.8830040981418026,0.0,2.736480512776794
1.0891822411992982,0.0,2.701620396553233
1.2240683031596937,0.719754412688491,2.6657132692472296
1.260065539742766,0.9207392388674437,2.6287947161232466
1.176382930916065,0.9838085931531729,2.590900322445742
0.9597177294717788,0.9085218154095815,2.552065673479179
0.7082457383410062,0.6971081423326803,2.512326354488008
0.6059321791800555,0.0,2.4717179507366924
0.8332291549441416,0.0,2.43027604748969
1.3557922644848786,0.0,2.3880362300114646
1.8645145001140844,0.0,2.345034083566467
2.0333253921957244,0.0,2.301305193419159
1.7155740371988155,0.6241237913220187,2.2568851448340004
1.1521459461959613,0.8376284886350608,2.211809523075453
0.6344384589672037,0.9386926136945993,2.1661139134079677
0.38169410729238196,0.897128296086973,2.1198339010960074
0.33915645384997145,0.6917239353475246,2.073005071404032
0.38704102477188923,0.0,2.0256630095965025
0.4197434568164992,0.0,1.977843300937871
0.42902995938158095,0.0,1.9295815306925992
0.4475619769427332,0.0,1.8809132841251464
0.5046820235045628,0.0,1.8318741464999755
0.5834404173226831,0.0,1.7824997030815373
0.6338600067613872,0.0,1.7328255391342937
0.606641175606242,0.0,1.6828872399227093
0.496907426504065,0.0,1.6327203907112324
0.3524874375922568,0.0,1.5823605767643267
0.22414310636407533,0.0,1.5318433833464524
0.14560105275484492,0.0,1.4812043957220664
0.11660665661104697,0.0,1.4304791991556287
0.13287294891722565,0.0,1.3797033789115973
0.18931713623106208,0.0,1.32891252025444
0.27808279437032357,0.0,1.2781422084485985
0.3907096203503198,0.0,1.2274280287585393
0.5179642831098745,0.0,1.1768055664487218
0.6457623745496072,0.0,1.1263104067836047
0.7581419916039047,0.0,1.075978135027647
0.8404493732152154,0.0,1.025844336445307
0.8938040419458543,0.0,0.9759445963010435
0.9297537032148455,0.0,0.9263144998593246
0.9593591941559252,0.4900743530518151,0.8769896323845907
0.9751811788369359,0.6612798766989985,0.8280055791413099
0.9494174344392663,0.7179059903806305,0.7793979253939408
0.8535936611857475,0.6699357208095293,0.7312022564069423
0.6970002179819873,0.5372490096275381,0.6834541574447731
0.5585601119061917,0.0,0.6361892137718919
0.5246877770477272,0.0,0.5894430106527575
0.6398523575836651,0.0,0.5432511333518366
0.8142678118091181,0.0,0.4976491671335719
0.9313433875304435,0.0,0.4526726972624302
0.903866266091893,0.0,0.4083573090028703
0.8133247645143805,0.0,0.3647385876193511
0.801311579183555,0.0,0.3218521183763314
0.9957367641825616,0.0,0.27973348653826946
1.375417040770879,0.0,0.23841827736962468
1.8278811952715313,1.0360353529935642,0.19794207613486253
2.240690703021047,2.022245253099115,0.15834046809842775
2.5336269831376543,2.923249763522812,0.11964903852478594
2.659376844667335,0.0,0.08190337267839615
2.572112573292554,0.0,0.0451390558237171
2.226006454695773,2.580976319265095,0.009391673225207463
