,0.01603363075181493,0.02153527592733315,0.033885159742877084,0.01836019415425247,0.01824107595011507,0.03246640462134353,0.030957921819349078,0.026071610761707352,0.04114364189213606,0.026376761135122467,0.04135285515928818,0.040495316486322326,0.037860930713140756,0.03773784356976567,0.039283632174984304
,0.024247429626961896,0.07228077167539187,0.061623352911148815,0.018838925226617426,0.030525334995823206,0.05982384784190741,0.05469228606008924,0.03812457792583668,0.0373908769326144,0.06171065158939011,0.05646978621644733,0.033527804135558274,0.03591026108741694,0.05533513445716961,0.05236582930982863
,0.026690330562212424,0.07536626928836487,0.07026163563526117,0.024566708193349877,0.030657792292999995,0.06489482818677897,0.06323866724594444,0.04362025443901417,0.05443849695498964,0.06758976224702817,0.06828952400088632,0.0498427881048705,0.04945410280045993,0.06520848383652855,0.06510198046313159
,0.013722166953774916,0.028113573772094537,0.033300375807230304,0.015091567738935562,0.015159642605247516,0.0318495390863004,0.03016248708184042,0.02404400927091086,0.029931462021930973,0.029820293575745945,0.03337982900706262,0.031010215764698916,0.029407580074350837,0.03351924225556357,0.03381663468484339
,0.03002082838163889,0.02200404657008439,0.03155018083101876,0.033500633995925774,0.03671552499065375,0.030814946727094564,0.033796326230136724,0.012235471594823275,0.02686517886772819,0.01916392443010179,0.02743831367840487,0.027814581599867036,0.03212817756070155,0.02681112299826357,0.03068814640084206
,0.031035713315749513,0.03255830970587862,0.043063936391141706,0.0366462678821327,0.03902317151231603,0.042280834669761805,0.04366298859482782,0.022403880776014816,0.03595314703100516,0.030984417337575884,0.04022186128709133,0.03868078871345343,0.04080007481198129,0.039870451079035786,0.04288539614926461
,0.11720102262779387,0.11392520645134734,0.16340039760429037,0.09091609499878082,0.12039856223327539,0.16290084771819413,0.17261246839568034,0.07658499356300864,0.13862742347185972,0.10254833234356152,0.1517217530709499,0.130657117162472,0.14068648033568243,0.14867381828468101,0.16428429424583726
,0.1633787224501766,0.1256367733662287,0.24199054260895053,0.14203122088194478,0.1925493583116692,0.18843275040576288,0.2375784222816697,0.10321967577680845,0.19952115749969335,0.12397091902202166,0.22515329535377246,0.1698498770854719,0.20867993457454498,0.17432079834762398,0.22538380947253997
,0.15029952651792824,0.12197326611740816,0.19189487871338343,0.14198722487315216,0.18345398906026014,0.17121217234128752,0.19996500353994356,0.11251283152545004,0.17225334283054825,0.12682301864623238,0.18615150509371348,0.1617188124132486,0.18646928679804664,0.17040287847122773,0.1955577461227151
,0.16574483824327266,0.1090427900327415,0.19181962069521816,0.13271425849074864,0.1830580842226553,0.15007460517522583,0.1950128805385581,0.09264255308996071,0.17346357598927017,0.10826053052260735,0.179361471824567,0.13681492619117763,0.18483328533187057,0.14380673184354834,0.18856774851297903
,0.13615748203953293,0.06306240914241779,0.13975787060009276,0.13679967566950962,0.1560603022556559,0.1258564998654448,0.15597360752955658,0.06555486625561999,0.127715692839969,0.07341777436233891,0.13048151546290163,0.12234059787228224,0.14887561933155344,0.11561942420825741,0.14663556571397315
,0.12449658692627008,0.06841549648919544,0.1301004641287128,0.1094862507234769,0.13716745226253096,0.10753590506168181,0.13782025079959662,0.05462628413373872,0.11418931826575236,0.06743403491548089,0.11716400926771005,0.09724440215385988,0.1288054309861281,0.09672577779646857,0.12746105301194416
,0.1425915185377789,0.08388559418546442,0.1493539534682748,0.12564041519469674,0.16440583851601226,0.13474368418339502,0.16848587175927615,0.06698138954351393,0.14120501712901193,0.08817804563743518,0.14346691700443348,0.12540760020611652,0.15935273132021607,0.12607475561459935,0.1607989596429491
,0.09277679712982835,0.10998959156125278,0.1207598391842985,0.09563969607550987,0.1121476881230296,0.11546007120897586,0.12485346222526783,0.08342832179395948,0.10112116945728869,0.10165027807867974,0.11480120657241091,0.1010467413500213,0.11162931015483446,0.10975980335432717,0.1198905681075183
,0.07485954307670953,0.08874604756605337,0.09395162793384293,0.09271370113189868,0.0992944299488197,0.10067453510857664,0.1045791475019171,0.08161803100033413,0.08800739984443638,0.0891624685241237,0.09559089761971677,0.09513192715934154,0.09990955436487525,0.09973777513974112,0.10382527434011596
,0.09399473636767562,0.06924002671434339,0.11503372075982797,0.09821256250070422,0.11614340734528457,0.1061591917228489,0.12588400904556013,0.06732359890570075,0.10991504980087578,0.07997196162500105,0.11070641950109877,0.10265107705681291,0.12024439488610941,0.10327042404190705,0.12068801914568332
,0.13290014600585331,0.10085937141496007,0.17625191892379383,0.11764850237558397,0.15754077940436334,0.1513826639177079,0.18087226551759022,0.07986600788278271,0.1459206717105753,0.09836248580305083,0.1597941323620716,0.12592537490134312,0.15893085902501955,0.13758215931314458,0.1717596324105078
,0.12846085316657502,0.12797724217974443,0.15024424171049233,0.1392831655765364,0.16058566072963518,0.15231295171529696,0.17045518235529547,0.07712954895505825,0.12511149837876162,0.11286646006075714,0.13683102277153558,0.12549617017559922,0.15123294977676865,0.13824540930775395,0.15729724182349658
,0.09293460342087825,0.07100339395711605,0.09549952793715852,0.09979769422595057,0.11254125296599433,0.09722223710449657,0.10973407671470731,0.0542525325949981,0.0867699009622949,0.06827514666701621,0.08838882701285826,0.09017256510363034,0.10430259989815979,0.08904719502825148,0.10249774935954661
,0.18676214762303595,0.0963982381155288,0.1807073093567183,0.16556591150594038,0.2037461151639292,0.16017230972887245,0.1999573891694388,0.07852977352629804,0.17274339948285414,0.09624033098225639,0.1659309542895777,0.15136682717063804,0.19311823757164476,0.14997640125501002,0.18452211120380424
,0.16948002856863373,0.11274549849539482,0.19610117244360606,0.11438220348723555,0.17193714068403518,0.14052891536698503,0.19119017327934767,0.0974795520162485,0.17789561773021095,0.1173738458270217,0.1832189611623466,0.13629742111469853,0.18110515277993947,0.13646042146828724,0.1839012520494935
,0.1266739451924328,0.08493891843704016,0.13856703208649465,0.12439789065004056,0.1480385241268365,0.12932451287863356,0.1571858743475025,0.07140493212589377,0.13228257711465688,0.0885041451167303,0.13083493726578144,0.12276109400526308,0.14788709018083707,0.12097290058953458,0.14930701784268824
,0.13599114037103388,0.08620425422683015,0.1445260956603766,0.11698974999897171,0.15533876475043212,0.13132588895998917,0.15588954532745145,0.08753948867952,0.13558775675146026,0.09458925498064336,0.13668380645271863,0.1203354454377247,0.14763396548474084,0.12470569065552439,0.14787688761319356
,0.10248991566103692,0.08699439918894554,0.12257406799538965,0.10877168897814193,0.12898691180676053,0.12099885307370664,0.1356872736019711,0.07508670167600984,0.11580167633422682,0.08892374604836296,0.1190164366691233,0.11354785182335554,0.13076445058679106,0.11647677269120815,0.13259392358434094
,0.11405605722730669,0.08008066716847673,0.13456421666115032,0.09719676421163245,0.1364770001059443,0.11487674524703649,0.14440178671517714,0.07955842566061538,0.1236267490233812,0.08735860219081582,0.12746213794507225,0.11546411510505236,0.13795847734892436,0.11568593848448641,0.13738969522918512
,0.07029242692255591,0.0832790804433622,0.10287696088529093,0.06612209061230925,0.08491391038492016,0.09457180056764002,0.10393370310064445,0.06189579398941821,0.09399832412846333,0.0839358668312564,0.10324472507324009,0.08664606319006746,0.09800295800486403,0.09535394928946626,0.1058051289379199
,0.18359514287640172,0.1896883451064002,0.21502107865633505,0.15177298145121884,0.1855892540360032,0.19112847968844277,0.20657079516708027,0.17514537615588532,0.19634382962944946,0.18993194335826893,0.20854573946110358,0.17800387075362414,0.1939284833550335,0.19310888370820944,0.20604640735926802
,0.1734215222562617,0.1950186441846355,0.21441428604810717,0.14144945227174144,0.18255132990169443,0.1919388261437021,0.2079701122479395,0.16964840711839982,0.18985288549594104,0.19382798962934825,0.21037868309608032,0.17212832396126024,0.19246844544325523,0.19326193442535913,0.2074932275337346
,0.13499436205191642,0.13677373780298618,0.16851669289806429,0.11691630968734555,0.1559852147814343,0.1505840779590863,0.17446482073734623,0.13273800709289157,0.1612516481182991,0.14202389034732305,0.1667559189236147,0.1419842808406168,0.16608829071875644,0.1512729506518947,0.17209726044765533
,0.09108741961175354,0.08547279424763415,0.11312416944215531,0.07805041262859104,0.10200575239357362,0.10022924358824466,0.11367756509249875,0.1001687049053971,0.10978047536095042,0.0974365417551871,0.11408906102785255,0.0999664074500438,0.11316132848383682,0.1040002277538821,0.11691149275107922
,0.07698913177148799,0.08785840387974034,0.10126055733916096,0.07609803766441613,0.09386788926130678,0.09804721394281579,0.10476878033093195,0.08801645308463234,0.09461726840784941,0.08989938500728051,0.10073450905083063,0.09344991721937197,0.10058570932063395,0.09855509362261167,0.10508492370262214
,0.14501698071069813,0.12541625333125483,0.16828536111921807,0.10237000142114844,0.1516790201030438,0.1378248263942382,0.1674136548894173,0.11336749335726495,0.16076415434438737,0.12415936719282167,0.16325051322549408,0.1292859756918421,0.16364106624034258,0.13955322252096525,0.1658629810611025
,0.09867357823955533,0.08815768224417422,0.12332771301264668,0.09980789422164915,0.11648066176915703,0.11577530973722316,0.13206120567926247,0.08356677294403314,0.115003473533455,0.09030141550624217,0.11910989220016154,0.10981864746423997,0.12485865739526852,0.11252031620367176,0.1284842022849065
,0.09570370510521087,0.1058020426939091,0.13108873899099396,0.07852983844803654,0.10620989038102052,0.11047985302862831,0.1281016262909681,0.09227481344384252,0.11910237181184187,0.1109858051524645,0.1312719067374799,0.1070356417407945,0.12212938074783522,0.11564793957558316,0.1300295107440681
,0.10619183095026322,0.09982807909411891,0.1318823615116826,0.08947969686629517,0.12159332561867142,0.1146381795119539,0.13431362410667128,0.08869215519534955,0.1254177425050727,0.09815993800703444,0.12868096776311977,0.1120496718466522,0.1324426107909239,0.11608304305239825,0.13588655150186674
,0.10875521636258578,0.08736988043346663,0.12922525885158964,0.09060901155871112,0.12392843747702569,0.10993160519937904,0.13382248849175107,0.09669348603241239,0.12446034678688558,0.0957292742898025,0.1269123351986123,0.10872917703131338,0.1304220663307986,0.11082579316660156,0.13193322930181484
,0.07906536897413438,0.08983275881867887,0.10826316244795127,0.08339951493886372,0.10066751264443706,0.10567938342405532,0.11458734678230932,0.07496671974252028,0.0996723475866561,0.0915790261148806,0.10761979206771502,0.10081561531550134,0.11037228566374477,0.10575309546741213,0.11405397579268228
,0.18579198321334492,0.23616164688045282,0.24555248902532675,0.16295642667510812,0.2008241426906448,0.22461346839758536,0.23565662738146947,0.1901833967820805,0.20548255159283618,0.22152754924886459,0.2351645011711032,0.19109908682320798,0.20951617251788732,0.21995837796904266,0.23031564775105956
,0.176411072132032,0.22341271393228823,0.23682148772026423,0.1552177840474197,0.19376107521809405,0.21556398531157323,0.23431018484479677,0.18137805806128107,0.20116021863252528,0.21308176588223168,0.23160330461383463,0.1851806796359711,0.2059109353838368,0.2116221367013883,0.2280787464943787
,0.14760485888850752,0.1610476871529512,0.19179447127689256,0.127024870828305,0.1619221636262897,0.1703385296056121,0.19112356939601224,0.14222173333227373,0.16884087367593037,0.16348472624105664,0.18617554811460982,0.15421011460500306,0.17412050354168632,0.17032286321029966,0.18772011611265088
,0.09945214388540356,0.11163006137793743,0.13776402653079253,0.08834720443816678,0.11276646165350412,0.12099320959249227,0.1353326838946921,0.10596960261330764,0.12220408642018578,0.11485904396342125,0.13312924496275383,0.11034990655555099,0.12376483335678741,0.12098384570028897,0.13457092203698529
,0.08295107554199946,0.12089991578153438,0.12157525662561136,0.0811765551418732,0.09822154266311839,0.11939792980410838,0.12161033106784824,0.0935615656540564,0.09799144814030128,0.11165181373006845,0.1154761550037645,0.09567189181726322,0.10380474895261606,0.11423550645458816,0.11745894697316664
,0.14629393538629895,0.1456506817646234,0.19082102827606054,0.1138252330928152,0.1577701118152787,0.15790159043355492,0.18561815633671896,0.11959528978468281,0.16914386298581288,0.14099319503300836,0.18271741433706118,0.13884582734342835,0.170453766071642,0.15564704058425585,0.18193610368775942
,0.10002647051815479,0.11075343159854907,0.13678598187359378,0.10332430935936944,0.12458060289253119,0.13084318918515964,0.1459243018577823,0.09029894932093059,0.12216597035244785,0.11165056648132067,0.13472971577676865,0.11966575695973779,0.1343553486845879,0.12952225943143805,0.14387060304122323
,0.09241118626644229,0.11337742756961802,0.13822235145873793,0.08505882558492736,0.1108732907937067,0.1209412881240187,0.1392458991255259,0.09370114066522639,0.12126808495743224,0.1129370977251742,0.1349291510088984,0.1078709564571019,0.12550291255076731,0.12069831619727114,0.13608387796533356
,0.11149529272352281,0.1229589552536265,0.14580266107341602,0.0968010057218258,0.12575556044367125,0.13501876931854315,0.14927320309608508,0.0945608251827575,0.1301851206695691,0.11937160918719578,0.14219535339345313,0.11866648160254553,0.13673167636425823,0.1333658668786578,0.14673807359814267
,0.11055885361235125,0.10456670806427465,0.13975057184951523,0.0914480332261355,0.1275214070995251,0.12216005988254913,0.1448932980405649,0.09738849315436589,0.1279595763968796,0.10702263498488354,0.13507003122663613,0.1121820921274115,0.13426947226467903,0.12075498718347102,0.13989354797311465
,0.08530939482153008,0.09958800225666303,0.11376055192316109,0.08563796500505842,0.10443226822125487,0.11170192904990293,0.12213825682722455,0.07530291704879,0.10301444873575591,0.09726506711261478,0.1100915213338311,0.10194938894128404,0.11306370466048478,0.10902222963352043,0.11840239161715864
,0.2406570672747562,0.16146898162999643,0.2695297394294698,0.1965736777067355,0.26690972977699295,0.21398719345522335,0.27091934483761276,0.10039241377113844,0.21444156451403124,0.14663543232391418,0.23587395873984973,0.17782727672005616,0.24293736816830364,0.19275590275927984,0.24604923812719293
,0.1912997366995719,0.1570080931483025,0.22807658575867618,0.1314350510475674,0.192556145598783,0.18284665510323306,0.2216940976049508,0.10642476231722689,0.18026927414152838,0.14488323890744967,0.20261506956671826,0.1399922316385423,0.18442522264710304,0.16699199237225804,0.2046105922645258
,0.16488361131678714,0.15332467040913922,0.1866866504711093,0.1724443334431023,0.1945836783643915,0.18462503628875657,0.20224201695070165,0.08434177886197772,0.1392378047571002,0.12645361040532066,0.163107977266859,0.14558434364685027,0.17238678329267007,0.16026186479332877,0.18300331328349173
,0.29349552851414373,0.23941708741844062,0.30964394596889994,0.1671010141481069,0.2699085430514675,0.23633313630307035,0.28823025132018976,0.16580234926129186,0.26597457359830756,0.2190687128252188,0.28073451021490997,0.19510007664767154,0.2593193831702918,0.22702337067198297,0.27216946047752627
,0.2460306164674963,0.19649545064248927,0.25117199593333195,0.24380716524889665,0.265302928054592,0.24483196824843798,0.2658621431418816,0.1279227006581615,0.2168827784018793,0.17660427562069858,0.2262697239397516,0.20869363419482298,0.24294729268028875,0.22201549392547212,0.24557063288712422
,0.2022588351768933,0.17498188180059698,0.23373098908286707,0.14881485458127824,0.20370445076226198,0.1920714037614526,0.22475632296339335,0.14774923974538956,0.2015638365882719,0.1774217736943598,0.21802080867910248,0.17388237503194598,0.19989987411096458,0.18961441340573423,0.21721625130507685
,0.23802523514875987,0.2105730057488783,0.2657676558490775,0.1859059585446801,0.24289879485928254,0.23033657208585367,0.26307490332152494,0.15371954735972157,0.22097706981978538,0.1942334691506218,0.2425089788937027,0.19082967678370924,0.2303473900636063,0.21537695454256595,0.2469785679942539
,0.2711682845412353,0.1766887565352367,0.2757668245811262,0.19563425797417777,0.2694647816105367,0.21547724497249113,0.27349388204300185,0.12617721558574557,0.2338199096234573,0.16235795574548426,0.2450195831801721,0.1827467042828883,0.24472761192965817,0.1953787663585042,0.24953689574701277
,0.1498797352913396,0.19064924190409546,0.20984188878947366,0.18268177782876413,0.19308091355551865,0.21132687200158573,0.21916066909517892,0.16080815415882527,0.17310457827416656,0.1828754335972207,0.20193227320040935,0.18331613743040417,0.19551218191130615,0.2017438976208623,0.21192143343293904
,0.24014354812487915,0.15492637915228974,0.2698565773595251,0.19418301334972807,0.26129215825176716,0.21662241127941043,0.27595845790685697,0.09121411073532149,0.2147403787013644,0.13943867057876413,0.2399104839678136,0.18075618979185668,0.23753022025090012,0.1968710253092459,0.25123923337544224
,0.18487914405293912,0.15818048994628114,0.22221177036634235,0.12404035721271484,0.18754675025522108,0.18093825920844056,0.22081829429636,0.09559422511244994,0.17896312257969574,0.14247657555793083,0.1998196824189343,0.14085045103278934,0.18417444693580798,0.16568269945366212,0.20471400266559195
,0.1601251082969869,0.17002121128679354,0.1941295313855402,0.1665391321351379,0.19065052720902084,0.19187613164324815,0.20308525113447212,0.0864233567668042,0.14464320032453215,0.137162143121456,0.17114171506911857,0.1441516091627715,0.17164775427214402,0.16972566970746963,0.18524321997817617
,0.28330239508214405,0.21925627841266376,0.3008125981336078,0.16195423692075755,0.2622968891911589,0.22913502171136269,0.28729258847219735,0.14850525266361062,0.264486674913646,0.20214008760066005,0.27069206467681417,0.19027017101355095,0.2574825879122619,0.21615849748998672,0.2681344585652261
,0.24325741372037318,0.18488819638542975,0.25074805138056566,0.23601388826302458,0.26015613807465576,0.23411433131494092,0.26829421440623014,0.12031304136126814,0.21754902181975772,0.1675892384277131,0.22417347471232105,0.20843214064613794,0.24286481207395208,0.2090472554583157,0.24774068408388802
,0.20201873005505816,0.16546345168603238,0.21919276503266857,0.14726189810005552,0.1996979510581498,0.17893030973816207,0.21681449086923082,0.13372139628929264,0.20166720731804316,0.16420188025815022,0.211877243196946,0.1644818139666739,0.20252621706144336,0.17850410458288557,0.21063951371229808
,0.23162882271708182,0.21202966531438466,0.2653553809123366,0.18354722971886095,0.2485824361958279,0.22931187009014847,0.2658875224238546,0.14869152481785702,0.2249094875502854,0.1930939824708231,0.24799839876335106,0.1944812597683414,0.23737046135323417,0.2134794988813512,0.25212732870838217
,0.2640774269873672,0.16883507080220445,0.2675944980321235,0.18756339752863319,0.2616472874285927,0.21059926471442328,0.2666794032219043,0.1078002643700886,0.23238658729610262,0.15437219308918232,0.2419600814221402,0.17632042093353434,0.23939199992225843,0.19192600892439576,0.2457822879364106
,0.15629055089313548,0.175953578989828,0.20762386115962497,0.17421333030226052,0.19218108518100527,0.20324834606225128,0.21860757210121917,0.15066525630154878,0.17830441817269513,0.1699435076059626,0.1996510292325316,0.1826697939374794,0.19978579866966287,0.19667088298746896,0.211588127718341
