num1,num2,num3,Word,Start,End,time_spent,post_pause,speaker,length,std_time_spent,amplitude,time,post_space,pitch,speed
0,0,0,we,1.3,1.36,0.06,4.54,2,2,0.03,0.269945758,1.33,4.54,120.0678331,33.33333333
1,1,1,the,5.9,5.9,0,8.86,2,3,0,0.1,5.9,8.86,,inf
2,2,2,the,14.76,14.76,0,0.56,2,3,0,0.1,14.76,0.56,,inf
3,3,3,for,15.32,15.44,0.12,0.04,2,3,0.04,0.316644255,15.38,0.04,105.5575144,25
4,4,4,london,15.48,15.78,0.3,0.04,2,6,0.05,0.357234297,15.63,0.04,143.5140426,20
5,5,5,i,15.82,15.86,0.04,0.14,2,1,0.04,0.539143717,15.84,0.14,116.3012655,25
6,6,6,talked,16,16.26,0.26,0,2,6,0.043333333,0.228116365,16.13,0,81.56416949,23.07692308
7,7,7,about,16.26,16.46,0.2,0.08,2,5,0.04,0.438636299,16.36,0.08,116.2903826,25
8,8,8,visualization,16.54,17.22,0.68,0.08,2,13,0.052307692,0.176275659,16.88,0.08,99.74921353,19.11764706
9,9,9,today,17.3,17.54,0.24,0.22,2,5,0.048,0.064019657,17.42,0.22,,20.83333333
10,10,10,and,17.76,18.06,0.3,0.04,2,3,0.1,0.236192281,17.91,0.04,87.49233272,10
11,11,11,i,18.1,18.16,0.06,0.06,2,1,0.06,0.293234105,18.13,0.06,71.69962317,16.66666667
12,12,12,think,18.22,18.42,0.2,0.08,2,5,0.04,0.140051734,18.32,0.08,102.7394668,25
13,13,13,the,18.5,18.62,0.12,0.54,2,3,0.04,0.270582744,18.56,0.54,100.3805536,25
14,14,14,beautiful,19.16,19.54,0.38,0.02,1,9,0.042222222,0.230437645,19.35,0.02,145.7489882,23.68421053
15,15,15,thing,19.56,19.68,0.12,0.02,1,5,0.024,0.235047678,19.62,0.02,126.1099783,41.66666667
16,16,16,about,19.7,19.84,0.14,0.06,1,5,0.028,0.343767792,19.77,0.06,94.57845448,35.71428571
17,17,17,data,19.9,20.1,0.2,0.02,1,4,0.05,0.169123216,20,0.02,85.15725193,20
18,18,18,visualisation,20.12,20.76,0.64,0.14,1,13,0.049230769,0.125823441,20.44,0.14,82.60349609,20.3125
19,19,19,is,20.9,21.06,0.16,0.06,1,2,0.08,0.132236896,20.98,0.06,88.89816569,12.5
20,20,20,that,21.12,21.24,0.12,0.02,1,4,0.03,0.255145127,21.18,0.02,99.26721137,33.33333333
21,21,21,it,21.26,21.32,0.06,0.04,1,2,0.03,0.149012522,21.29,0.04,89.05891191,33.33333333
22,22,22,can,21.36,21.48,0.12,0.08,1,3,0.04,0.070657858,21.42,0.08,99.3167579,25
23,23,23,tell,21.56,21.78,0.22,0.06,1,4,0.055,0.142469375,21.67,0.06,152.3782211,18.18181818
24,24,24,you,21.84,21.96,0.12,0.5,1,3,0.04,0.247291908,21.9,0.5,142.6545242,25
25,25,25,answers,22.46,22.84,0.38,0.02,1,7,0.054285714,0.186689685,22.65,0.02,143.941439,18.42105263
26,26,26,to,22.86,22.94,0.08,0.12,1,2,0.04,0.154488385,22.9,0.12,148.0822939,25
27,27,27,questions,23.06,23.48,0.42,0.02,1,9,0.046666667,0.175233262,23.27,0.02,112.754187,21.42857143
28,28,28,you,23.5,23.58,0.08,0.04,1,3,0.026666667,0.121785279,23.54,0.04,92.64961964,37.5
29,29,29,didn't,23.62,23.8,0.18,0.04,1,6,0.03,0.141433375,23.71,0.04,93.55533745,33.33333333
30,30,30,even,23.84,24.04,0.2,0.06,1,4,0.05,0.13276813,23.94,0.06,93.57458696,20
31,31,31,know.,24.1,24.22,0.12,0.04,1,4,0.03,0.194456176,24.16,0.04,81.6075852,33.33333333
32,32,32,you,24.26,24.34,0.08,0.1,1,3,0.026666667,0.114207802,24.3,0.1,75.1370624,37.5
33,33,33,had,24.44,24.8,0.36,0.64,1,3,0.12,0.091040551,24.62,0.64,79.8545237,8.333333333
34,34,34,one,25.44,25.6,0.16,0.02,1,3,0.053333333,0.444016837,25.52,0.02,111.2747822,18.75
35,35,35,of,25.62,25.68,0.06,0.04,1,2,0.03,0.256996821,25.65,0.04,111.8035483,33.33333333
36,36,36,the,25.72,25.78,0.06,0.08,1,3,0.02,0.259380953,25.75,0.08,108.922923,50
37,37,37,themes,25.86,26.24,0.38,0.12,1,6,0.063333333,0.175108292,26.05,0.12,104.8204732,15.78947368
38,38,38,in,26.36,26.5,0.14,0.08,1,2,0.07,0.234784715,26.43,0.08,94.69543952,14.28571429
39,39,39,our,26.58,26.7,0.12,0.06,1,3,0.04,0.245866591,26.64,0.06,85.54141728,25
40,40,40,work,26.76,27.04,0.28,0.08,1,4,0.07,0.20393643,26.9,0.08,87.91964196,14.28571429
41,41,41,is,27.12,27.36,0.24,0.38,1,2,0.12,0.119368685,27.24,0.38,87.40014052,8.333333333
42,42,42,the,27.74,27.82,0.08,0.06,1,3,0.026666667,0.136656602,27.78,0.06,89.01247997,37.5
43,43,43,multi,27.88,28.16,0.28,0.02,1,5,0.056,0.335651206,28.02,0.02,104.0384183,17.85714286
44,44,44,disciplinary,28.18,28.78,0.6,0.08,1,12,0.05,0.159477648,28.48,0.08,82.83519908,20
45,45,45,aspect,28.86,29.26,0.4,0.02,1,6,0.066666667,0.183191641,29.06,0.02,83.06221231,15
46,46,46,of,29.28,29.38,0.1,0.06,1,2,0.05,0.113502974,29.33,0.06,,20
47,47,47,it.,29.44,29.56,0.12,0.08,1,2,0.06,0.055007968,29.5,0.08,,16.66666667
48,48,48,that,29.64,29.82,0.18,0.4,1,4,0.045,0.194402814,29.73,0.4,82.1930167,22.22222222
49,49,49,you,30.22,30.32,0.1,0.02,1,3,0.033333333,0.157151576,30.27,0.02,98.97176516,30
50,50,50,know,30.34,30.44,0.1,0.04,1,4,0.025,0.287154438,30.39,0.04,77.95680121,40
51,51,51,you,30.48,30.54,0.06,0.04,1,3,0.02,0.122439051,30.51,0.04,79.78145328,50
52,52,52,can,30.58,30.68,0.1,0.06,1,3,0.033333333,0.089323868,30.63,0.06,86.44701416,30
53,53,53,bring,30.74,30.94,0.2,0.04,1,5,0.04,0.224424237,30.84,0.04,97.7455938,25
54,54,54,to,30.98,31.08,0.1,0.08,1,2,0.05,0.1430918,31.03,0.08,97.20714943,20
55,55,55,bear,31.16,31.44,0.28,0.16,1,4,0.07,0.238993316,31.3,0.16,81.93796054,14.28571429
56,56,56,design,31.6,32.28,0.68,0.42,1,6,0.113333333,0.304692701,31.94,0.42,90.41314174,8.823529412
57,57,57,art,32.7,33.18,0.48,0.3,2,3,0.16,0.21630158,32.94,0.3,86.76288896,6.25
58,58,58,sociology,33.48,34.2,0.72,0.08,1,9,0.08,0.186336121,33.84,0.08,90.6170891,12.5
59,59,59,even,34.28,34.58,0.3,0.46,1,4,0.075,0.14288838,34.43,0.46,86.17499204,13.33333333
60,60,60,psychology,35.04,35.44,0.4,0.04,1,10,0.04,0.140672589,35.24,0.04,85.22198589,25
61,61,61,psycho,35.48,35.78,0.3,0.02,1,6,0.05,0.163072622,35.63,0.02,90.15116715,20
62,62,62,perception,35.8,36.38,0.58,0.58,1,10,0.058,0.161291905,36.09,0.58,103.4054419,17.24137931
63,63,63,and,36.96,37.32,0.36,0.16,1,3,0.12,0.37675971,37.14,0.16,93.71499334,8.333333333
64,64,64,all,37.48,37.7,0.22,0.04,1,3,0.073333333,0.73823602,37.59,0.04,131.785289,13.63636364
65,65,65,of,37.74,37.84,0.1,0.06,1,2,0.05,0.16502814,37.79,0.06,151.6218169,20
66,66,66,that,37.9,38.1,0.2,0.08,1,4,0.05,0.448056696,38,0.08,108.7600966,20
67,67,67,ends,38.18,38.38,0.2,0.02,1,4,0.05,0.141546726,38.28,0.02,97.97856658,20
68,68,68,up,38.4,38.54,0.14,0.1,1,2,0.07,0.216847952,38.47,0.1,99.41275985,14.28571429
69,69,69,giving,38.64,38.86,0.22,0.02,1,6,0.036666667,0.182268884,38.75,0.02,117.185435,27.27272727
70,70,70,you,38.88,38.92,0.04,0.04,1,3,0.013333333,0.178247042,38.9,0.04,107.8374048,75
71,71,71,a,38.96,39,0.04,0.08,1,1,0.04,0.162096354,38.98,0.08,90.37755425,25
72,72,72,view,39.08,39.32,0.24,0.04,1,4,0.06,0.156062157,39.2,0.04,115.7339295,16.66666667
73,73,73,of,39.36,39.46,0.1,0.08,1,2,0.05,0.171929502,39.41,0.08,96.05986112,20
74,74,74,data,39.54,39.86,0.32,0.4,1,4,0.08,0.325624374,39.7,0.4,92.59927215,12.5
75,75,75,that,40.26,40.4,0.14,0.02,1,4,0.035,0.162033384,40.33,0.02,94.57339013,28.57142857
76,76,76,is,40.42,40.5,0.08,0.04,1,2,0.04,0.152898626,40.46,0.04,90.12940785,25
77,77,77,holistic,40.54,41.12,0.58,0.14,1,8,0.0725,0.116519283,40.83,0.14,103.7516942,13.79310345
78,78,78,so,41.26,41.38,0.12,0.12,1,2,0.06,0.234759061,41.32,0.12,92.31798081,16.66666667
79,79,79,that,41.5,41.68,0.18,0.38,1,4,0.045,0.298389186,41.59,0.38,90.1171376,22.22222222
80,80,80,you,42.06,42.14,0.08,0.04,1,3,0.026666667,0.226084064,42.1,0.04,102.0122487,37.5
81,81,81,don't,42.18,42.32,0.14,0.02,1,5,0.028,0.559943877,42.25,0.02,152.1434464,35.71428571
82,82,82,have,42.34,42.42,0.08,0.02,1,4,0.02,0.123076305,42.38,0.02,162.4635193,50
83,83,83,to,42.44,42.5,0.06,0.06,1,2,0.03,0.441887265,42.47,0.06,144.1163071,33.33333333
84,84,84,go,42.56,42.66,0.1,0.1,1,2,0.05,0.503418873,42.61,0.1,119.9508549,20
85,85,85,in,42.76,42.86,0.1,0.04,1,2,0.05,0.276520271,42.81,0.04,118.1907018,20
86,86,86,with,42.9,43,0.1,0.02,1,4,0.025,0.119944317,42.95,0.02,98.4162521,40
87,87,87,a,43.02,43.06,0.04,0.06,1,1,0.04,0.085469171,43.04,0.06,,25
88,88,88,particular,43.12,43.74,0.62,0.06,1,10,0.062,0.137376043,43.43,0.06,110.953177,16.12903226
89,89,89,question,43.8,44.26,0.46,0.04,1,8,0.0575,0.186677207,44.03,0.04,97.99858807,17.39130435
90,90,90,as,44.3,44.44,0.14,0.08,1,2,0.07,0.11719351,44.37,0.08,,14.28571429
91,91,91,often,44.52,44.8,0.28,0.04,1,5,0.056,0.2880284,44.66,0.04,88.11565202,17.85714286
92,92,92,happens,44.84,45.22,0.38,0.02,1,7,0.054285714,0.168292509,45.03,0.02,84.35668736,18.42105263
93,93,93,and,45.24,45.34,0.1,0.04,1,3,0.033333333,0.075562523,45.29,0.04,85.78353401,30
94,94,94,statistical,45.38,45.9,0.52,0.04,1,11,0.047272727,0.082928328,45.64,0.04,82.1029488,21.15384615
95,95,95,analysis,45.94,46.54,0.6,0.32,1,8,0.075,0.157746761,46.24,0.32,92.59455426,13.33333333
96,96,96,but,46.86,46.98,0.12,0.04,1,3,0.04,0.276076656,46.92,0.04,97.80180372,25
97,97,97,instead,47.02,47.38,0.36,0.06,1,7,0.051428571,0.413804182,47.2,0.06,132.8202771,19.44444444
98,98,98,you,47.44,47.48,0.04,0.06,1,3,0.013333333,0.273574816,47.46,0.06,100.3906277,75
99,99,99,start,47.54,47.72,0.18,0.04,1,5,0.036,0.338812748,47.63,0.04,123.9784069,27.77777778
100,100,100,to,47.76,47.82,0.06,0.12,1,2,0.03,0.148771877,47.79,0.12,108.6851605,33.33333333
101,101,101,see,47.94,48.12,0.18,0.08,1,3,0.06,0.107019854,48.03,0.08,158.1634127,16.66666667
102,102,102,the,48.2,48.26,0.06,0.08,1,3,0.02,0.348196032,48.23,0.08,121.7023966,50
103,103,103,whole,48.34,48.74,0.4,0.18,1,5,0.08,0.171437668,48.54,0.18,136.6695807,12.5
104,104,104,and,48.92,49.1,0.18,0.04,1,3,0.06,0.392318909,49.01,0.04,107.363286,16.66666667
105,105,105,you,49.14,49.2,0.06,0.04,1,3,0.02,0.228146899,49.17,0.04,96.81694827,50
106,106,106,start,49.24,49.42,0.18,0.06,1,5,0.036,0.239102744,49.33,0.06,115.6226951,27.77777778
107,107,107,to,49.48,49.54,0.06,0.08,1,2,0.03,0.147849154,49.51,0.08,122.6098638,33.33333333
108,108,108,realize,49.62,50.04,0.42,0.08,1,7,0.06,0.411389407,49.83,0.08,116.3135996,16.66666667
109,109,109,interesting,50.12,50.5,0.38,0.06,1,11,0.034545455,0.204442991,50.31,0.06,134.1452856,28.94736842
110,110,110,things,50.56,50.78,0.22,0,1,6,0.036666667,0.196411433,50.67,0,105.6835658,27.27272727
111,111,111,that,50.78,50.86,0.08,0,1,4,0.02,0.164207169,50.82,0,101.843415,50
112,112,112,you,50.86,50.92,0.06,0.06,1,3,0.02,0.127279685,50.89,0.06,89.7504075,50
113,113,113,weren't,50.98,51.16,0.18,0.02,1,7,0.025714286,0.138983396,51.07,0.02,102.2517293,38.88888889
114,114,114,even,51.18,51.36,0.18,0.04,1,4,0.045,0.132919498,51.27,0.04,89.24248205,22.22222222
115,115,115,looking,51.4,51.66,0.26,0.06,1,7,0.037142857,0.054191878,51.53,0.06,80.53434514,26.92307692
116,116,116,for.,51.72,51.92,0.2,0.94,1,3,0.066666667,0.054729992,51.82,0.94,92.49673138,15
117,117,117,visualisation,52.86,53.5,0.64,0.08,2,13,0.049230769,0.254820214,53.18,0.08,135.4800414,20.3125
118,118,118,is,53.58,53.8,0.22,0.1,2,2,0.11,0.211653961,53.69,0.1,98.77150242,9.090909091
119,119,119,a,53.9,54.02,0.12,0.28,2,1,0.12,0.457626476,53.96,0.28,93.56603466,8.333333333
120,120,120,kind,54.3,54.6,0.3,0,2,4,0.075,0.212669197,54.45,0,137.862465,13.33333333
121,121,121,of,54.6,54.76,0.16,0.28,2,2,0.08,0.096406878,54.68,0.28,111.5860171,12.5
122,122,122,way,55.04,55.26,0.22,0.04,1,3,0.073333333,0.458392023,55.15,0.04,120.9672937,13.63636364
123,123,123,of,55.3,55.38,0.08,0.06,1,2,0.04,0.311076206,55.34,0.06,115.3751865,25
124,124,124,investigating,55.44,56.1,0.66,0.06,1,13,0.050769231,0.213792207,55.77,0.06,93.13186672,19.6969697
125,125,125,all,56.16,56.32,0.16,0.04,1,3,0.053333333,0.302094173,56.24,0.04,89.38316174,18.75
126,126,126,sorts,56.36,56.58,0.22,0,1,5,0.044,0.066423115,56.47,0,89.00516457,22.72727273
127,127,127,of,56.58,56.64,0.06,0.08,1,2,0.03,0.064334896,56.61,0.08,89.3302733,33.33333333
128,128,128,questions,56.72,57.24,0.52,0.2,1,9,0.057777778,0.054463999,56.98,0.2,92.92810166,17.30769231
129,129,129,so,57.44,57.62,0.18,0.58,2,2,0.09,0.296503599,57.53,0.58,100.0192737,11.11111111
130,130,130,one,58.2,58.42,0.22,0.04,1,3,0.073333333,0.508046376,58.31,0.04,130.2267844,13.63636364
131,131,131,thing,58.46,58.6,0.14,0.04,1,5,0.028,0.206937043,58.53,0.04,147.6141885,35.71428571
132,132,132,that,58.64,58.72,0.08,0.02,1,4,0.02,0.180209501,58.68,0.02,99.51621128,50
133,133,133,we,58.74,58.8,0.06,0.08,1,2,0.03,0.241866974,58.77,0.08,102.8701299,33.33333333
134,134,134,often,58.88,59.2,0.32,0.04,1,5,0.064,0.261790069,59.04,0.04,98.24833972,15.625
135,135,135,do,59.24,59.38,0.14,0.28,1,2,0.07,0.120907821,59.31,0.28,83.08564299,14.28571429
136,136,136,is,59.66,59.84,0.18,0.02,1,2,0.09,0.132140861,59.75,0.02,94.29492833,11.11111111
137,137,137,we,59.86,59.94,0.08,0.08,1,2,0.04,0.168217634,59.9,0.08,98.27713448,25
138,138,138,think,60.02,60.16,0.14,0.02,1,5,0.028,0.161855304,60.09,0.02,154.970425,35.71428571
139,139,139,about,60.18,60.36,0.18,0.04,1,5,0.036,0.313893286,60.27,0.04,112.8566987,27.77777778
140,140,140,visualisation,60.4,61.02,0.62,0.06,1,13,0.047692308,0.148462727,60.71,0.06,95.44574921,20.96774194
141,141,141,as,61.08,61.18,0.1,0.12,1,2,0.05,0.083839939,61.13,0.12,82.81197578,20
142,142,142,building,61.3,61.64,0.34,0,1,8,0.0425,0.169915893,61.47,0,106.1823695,23.52941176
143,143,143,a,61.64,61.68,0.04,0.08,1,1,0.04,0.158624414,61.66,0.08,89.26405575,25
144,144,144,scientific,61.76,62.28,0.52,0.04,1,10,0.052,0.109350088,62.02,0.04,94.65663788,19.23076923
145,145,145,instrument,62.32,62.82,0.5,0.18,1,10,0.05,0.040822169,62.57,0.18,77.69878002,20
146,146,146,so,63,63.12,0.12,0.06,1,2,0.06,0.19836264,63.06,0.06,97.1674922,16.66666667
147,147,147,there'll,63.18,63.4,0.22,0.04,1,8,0.0275,0.285503726,63.29,0.04,88.41920875,36.36363636
148,148,148,be,63.44,63.52,0.08,0.04,1,2,0.04,0.194438947,63.48,0.04,100.8356762,25
149,149,149,a,63.56,63.6,0.04,0.06,1,1,0.04,0.104569374,63.58,0.06,,25
150,150,150,some,63.66,63.88,0.22,0.1,1,4,0.055,0.343195739,63.77,0.1,138.8968312,18.18181818
151,151,151,broad,63.98,64.42,0.44,0.04,1,5,0.088,0.503468949,64.2,0.04,104.5839455,11.36363636
152,152,152,area,64.46,64.78,0.32,0.12,1,4,0.08,0.257418143,64.62,0.12,83.15518846,12.5
153,153,153,say,64.9,65.04,0.14,0.1,1,3,0.046666667,0.091358416,64.97,0.1,89.28624849,21.42857143
154,154,154,wikipedia,65.14,65.8,0.66,0.12,1,9,0.073333333,0.121864234,65.47,0.12,84.93973407,13.63636364
155,155,155,or,65.92,66,0.08,0.06,1,2,0.04,0.15153721,65.96,0.06,84.3607484,25
156,156,156,the,66.06,66.14,0.08,0.06,1,3,0.026666667,0.155446799,66.1,0.06,,37.5
157,157,157,collaboration,66.2,66.82,0.62,0.04,1,13,0.047692308,0.206877422,66.51,0.04,86.46976005,20.96774194
158,158,158,dynamics,66.86,67.34,0.48,0.02,1,8,0.06,0.142135217,67.1,0.02,79.61714923,16.66666667
159,159,159,on,67.36,67.44,0.08,0.04,1,2,0.04,0.25185863,67.4,0.04,82.94566265,25
160,160,160,wikipedia,67.48,68.1,0.62,0.56,1,9,0.068888889,0.072137418,67.79,0.56,80.72291157,14.51612903
161,161,161,and,68.66,68.92,0.26,0.2,1,3,0.086666667,0.303880589,68.79,0.2,100.7927514,11.53846154
162,162,162,will,69.12,69.34,0.22,0.12,1,4,0.055,0.308624879,69.23,0.12,122.8766394,18.18181818
163,163,163,essentially,69.46,69.94,0.48,0.12,1,11,0.043636364,0.150032693,69.7,0.12,119.7555829,22.91666667
164,164,164,build,70.06,70.34,0.28,0.08,1,5,0.056,0.244796532,70.2,0.08,123.7154825,17.85714286
165,165,165,a,70.42,70.5,0.08,0.08,1,1,0.08,0.164825161,70.46,0.08,89.83869354,12.5
166,166,166,brand,70.58,70.86,0.28,0.02,1,5,0.056,0.349362549,70.72,0.02,105.1244446,17.85714286
167,167,167,new,70.88,71.04,0.16,0.06,1,3,0.053333333,0.145218448,70.96,0.06,97.91691705,18.75
168,168,168,microscope,71.1,71.78,0.68,0.3,1,10,0.068,0.096662229,71.44,0.3,91.1051577,14.70588235
169,169,169,that,72.08,72.2,0.12,0.06,1,4,0.03,0.14071304,72.14,0.06,106.4159902,33.33333333
170,170,170,helps,72.26,72.5,0.24,0,1,5,0.048,0.163577133,72.38,0,117.7993716,20.83333333
171,171,171,us,72.5,72.66,0.16,0.24,1,2,0.08,0.287464238,72.58,0.24,100.9123198,12.5
172,172,172,look,72.9,73.26,0.36,0.02,1,4,0.09,0.147020077,73.08,0.02,99.40668857,11.11111111
173,173,173,at,73.28,73.36,0.08,0.02,1,2,0.04,0.086265224,73.32,0.02,93.98756189,25
174,174,174,that,73.38,73.52,0.14,0.08,1,4,0.035,0.3019521,73.45,0.08,82.04110114,28.57142857
175,175,175,data,73.6,73.9,0.3,0.44,1,4,0.075,0.153632058,73.75,0.44,80.70150239,13.33333333
176,176,176,and,74.34,74.58,0.24,0.1,1,3,0.08,0.377383425,74.46,0.1,93.77971604,12.5
177,177,177,by,74.68,74.78,0.1,0.08,1,2,0.05,0.524372092,74.73,0.08,99.33049945,20
178,178,178,looking,74.86,75.08,0.22,0,1,7,0.031428571,0.189150259,74.97,0,145.2394143,31.81818182
179,179,179,at,75.08,75.18,0.1,0.02,1,2,0.05,0.197587408,75.13,0.02,100.3933443,20
180,180,180,that,75.2,75.32,0.12,0.04,1,4,0.03,0.530351402,75.26,0.04,92.36195665,33.33333333
181,181,181,data,75.36,75.6,0.24,0.1,1,4,0.06,0.268120281,75.48,0.1,85.64946413,16.66666667
182,182,182,then,75.7,75.86,0.16,0.06,1,4,0.04,0.35300734,75.78,0.06,97.22330051,25
183,183,183,we'll,75.92,76.08,0.16,0.3,1,5,0.032,0.179119605,76,0.3,90.41294764,31.25
184,184,184,discover,76.38,76.9,0.52,0.08,1,8,0.065,0.304001925,76.64,0.08,108.9316325,15.38461538
185,185,185,interesting,76.98,77.36,0.38,0.04,1,11,0.034545455,0.196614686,77.17,0.04,107.1791459,28.94736842
186,186,186,dynamics,77.4,77.96,0.56,0.04,1,8,0.07,0.187134579,77.68,0.04,86.58459326,14.28571429
187,187,187,we,78,78.06,0.06,0.08,1,2,0.03,0.126459841,78.03,0.08,85.19211122,33.33333333
188,188,188,hadn't,78.14,78.38,0.24,0.04,1,6,0.04,0.158745434,78.26,0.04,83.34103704,25
189,189,189,seen,78.42,78.6,0.18,0.04,1,4,0.045,0.086148716,78.51,0.04,79.2402433,22.22222222
190,190,190,before,78.64,79.04,0.4,0.64,1,6,0.066666667,0.117106448,78.84,0.64,94.53980265,15
191,191,191,and,79.68,79.82,0.14,0.06,1,3,0.046666667,0.49609033,79.75,0.06,104.295452,21.42857143
192,192,192,then,79.88,80.16,0.28,0.12,1,4,0.07,0.206650991,80.02,0.12,139.3767455,14.28571429
193,193,193,we,80.28,80.36,0.08,0.06,1,2,0.04,0.114581585,80.32,0.06,99.24785975,25
194,194,194,can,80.42,80.52,0.1,0.04,1,3,0.033333333,0.109563362,80.47,0.04,104.6452517,30
195,195,195,apply,80.56,80.94,0.38,0.06,1,5,0.076,0.370370333,80.75,0.06,97.57099305,13.15789474
196,196,196,sort,81,81.16,0.16,0,1,4,0.04,0.117629716,81.08,0,101.7821869,25
197,197,197,of,81.16,81.22,0.06,0.06,1,2,0.03,0.106170887,81.19,0.06,82.96070082,33.33333333
198,198,198,traditional,81.28,81.76,0.48,0.04,1,11,0.043636364,0.197283209,81.52,0.04,107.8161571,22.91666667
199,199,199,scientific,81.8,82.32,0.52,0.04,1,10,0.052,0.156566927,82.06,0.04,105.3587563,19.23076923
200,200,200,methods,82.36,82.84,0.48,0.02,1,7,0.068571429,0.119968844,82.6,0.02,84.07299296,14.58333333
201,201,201,you,82.86,82.92,0.06,0.02,1,3,0.02,0.086591619,82.89,0.02,85.70459913,50
202,202,202,know,82.94,83.06,0.12,0.46,1,4,0.03,0.137024704,83,0.46,,33.33333333
203,203,203,surveys,83.52,84.24,0.72,0.12,1,7,0.102857143,0.214254461,83.88,0.12,88.49365424,9.722222222
204,204,204,interviews,84.36,85.26,0.9,0.5,1,10,0.09,0.135096456,84.81,0.5,81.63173971,11.11111111
205,205,205,broadskill,85.76,86.32,0.56,0.04,1,10,0.056,0.241608601,86.04,0.04,87.81487389,17.85714286
206,206,206,statistics,86.36,86.96,0.6,0.06,1,10,0.06,0.118168499,86.66,0.06,89.61199601,16.66666667
207,207,207,on,87.02,87.12,0.1,0.08,1,2,0.05,0.198163647,87.07,0.08,74.18958027,20
208,208,208,databases,87.2,87.96,0.76,0.4,1,9,0.084444444,0.198775973,87.58,0.4,90.53335389,11.84210526
209,209,209,to,88.36,88.48,0.12,0.2,2,2,0.06,0.270422042,88.42,0.2,101.3468274,16.66666667
210,210,210,confirm,88.68,89.26,0.58,0.04,1,7,0.082857143,0.26288889,88.97,0.04,120.4264118,12.06896552
211,211,211,that,89.3,89.4,0.1,0.04,1,4,0.025,0.256117367,89.35,0.04,97.71529488,40
212,212,212,what,89.44,89.56,0.12,0.02,1,4,0.03,0.292080022,89.5,0.02,100.246961,33.33333333
213,213,213,we,89.58,89.64,0.06,0.06,1,2,0.03,0.185967008,89.61,0.06,94.04693122,33.33333333
214,214,214,saw,89.7,89.94,0.24,0.1,1,3,0.08,0.558501039,89.82,0.1,96.28205184,12.5
215,215,215,really,90.04,90.24,0.2,0.06,1,6,0.033333333,0.169003989,90.14,0.06,83.84112115,30
216,216,216,was,90.3,90.42,0.12,0.04,1,3,0.04,0.099634784,90.36,0.04,,25
217,217,217,happening.,90.46,90.9,0.44,0.64,1,9,0.048888889,0.076944371,90.68,0.64,92.97589785,20.45454545
218,218,218,often,91.54,91.9,0.36,0.06,1,5,0.072,0.323367579,91.72,0.06,151.9873531,13.88888889
219,219,219,people,91.96,92.2,0.24,0.02,1,6,0.04,0.127590069,92.08,0.02,140.2405267,25
220,220,220,who,92.22,92.3,0.08,0.04,1,3,0.026666667,0.222902049,92.26,0.04,105.8566354,37.5
221,221,221,do,92.34,92.42,0.08,0.06,1,2,0.04,0.223561412,92.38,0.06,102.9861543,25
222,222,222,visualization,92.48,93.08,0.6,0.02,1,13,0.046153846,0.181781584,92.78,0.02,91.00454549,21.66666667
223,223,223,and,93.1,93.16,0.06,0.04,1,3,0.02,0.078761715,93.13,0.04,73.99622648,50
224,224,224,create,93.2,93.46,0.26,0.1,1,6,0.043333333,0.228751757,93.33,0.1,87.91336491,23.07692308
225,225,225,visualisations,93.56,94.2,0.64,0.02,1,14,0.045714286,0.143463434,93.88,0.02,88.01865812,21.875
226,226,226,from,94.22,94.36,0.14,0.06,1,4,0.035,0.031845115,94.29,0.06,,28.57142857
227,227,227,scratch,94.42,94.92,0.5,0.1,1,7,0.071428571,0.127432679,94.67,0.1,79.98276807,14
228,228,228,but,95.02,95.16,0.14,0.04,1,3,0.046666667,0.244057708,95.09,0.04,88.50846491,21.42857143
229,229,229,that,95.2,95.32,0.12,0.04,1,4,0.03,0.856747888,95.26,0.04,107.2649802,33.33333333
230,230,230,requires,95.36,95.68,0.32,0.02,1,8,0.04,0.208555563,95.52,0.02,90.12339227,25
231,231,231,a,95.7,95.74,0.04,0.04,1,1,0.04,0.181422326,95.72,0.04,82.26429317,25
232,232,232,lot,95.78,95.94,0.16,0.02,1,3,0.053333333,0.341042961,95.86,0.02,84.4290697,18.75
233,233,233,of,95.96,96,0.04,0.06,1,2,0.02,0.079251657,95.98,0.06,,50
234,234,234,expertise,96.06,96.88,0.82,0.08,1,9,0.091111111,0.115119377,96.47,0.08,89.32149482,10.97560976
235,235,235,and,96.96,97.08,0.12,0.06,1,3,0.04,0.04473649,97.02,0.06,79.59158555,25
236,236,236,time.,97.14,97.56,0.42,0.5,1,4,0.105,0.139572866,97.35,0.5,79.04256737,9.523809524
237,237,237,very,98.06,98.28,0.22,0.08,1,4,0.055,0.658570552,98.17,0.08,132.5998507,18.18181818
238,238,238,often,98.36,98.78,0.42,0.1,1,5,0.084,0.186822826,98.57,0.1,110.1440283,11.9047619
239,239,239,people,98.88,99.3,0.42,0.22,1,6,0.07,0.144331748,99.09,0.22,151.1740142,14.28571429
240,240,240,just,99.52,99.8,0.28,0.1,1,4,0.07,0.186388974,99.66,0.1,155.128049,14.28571429
241,241,241,need,99.9,100.2,0.3,0.1,1,4,0.075,0.215857673,100.05,0.1,145.137908,13.33333333
242,242,242,the,100.3,100.36,0.06,0.06,1,3,0.02,0.291836215,100.33,0.06,115.459543,50
243,243,243,right,100.42,100.6,0.18,0.06,1,5,0.036,0.431369631,100.51,0.06,102.1336159,27.77777778
244,244,244,bar,100.66,100.88,0.22,0.04,1,3,0.073333333,0.417674107,100.77,0.04,98.68191972,13.63636364
245,245,245,chart,100.92,101.32,0.4,0.08,1,5,0.08,0.239213318,101.12,0.08,98.39911541,12.5
246,246,246,or,101.4,101.48,0.08,0.08,1,2,0.04,0.247116132,101.44,0.08,96.1942344,25
247,247,247,line,101.56,101.8,0.24,0.04,1,4,0.06,0.318546894,101.68,0.04,88.52367991,16.66666667
248,248,248,chart,101.84,102.1,0.26,0.02,1,5,0.052,0.169264791,101.97,0.02,86.0442053,19.23076923
249,249,249,to,102.12,102.2,0.08,0.06,1,2,0.04,0.092783246,102.16,0.06,112.1274297,25
250,250,250,look,102.26,102.4,0.14,0,1,4,0.035,0.17577726,102.33,0,109.2401274,28.57142857
251,251,251,at,102.4,102.48,0.08,0.02,1,2,0.04,0.173338396,102.44,0.02,101.8673882,25
252,252,252,their,102.5,102.6,0.1,0.04,1,5,0.02,0.259922145,102.55,0.04,90.81665384,50
253,253,253,data,102.64,102.9,0.26,0.04,1,4,0.065,0.392333574,102.77,0.04,94.79513936,15.38461538
254,254,254,from,102.94,103.06,0.12,0.02,1,4,0.03,0.071190431,103,0.02,91.01569327,33.33333333
255,255,255,the,103.08,103.14,0.06,0.04,1,3,0.02,0.10809167,103.11,0.04,84.70840423,50
256,256,256,right,103.18,103.32,0.14,0.04,1,5,0.028,0.192141773,103.25,0.04,81.6617225,35.71428571
257,257,257,perspective,103.36,103.96,0.6,0.28,1,11,0.054545455,0.200398272,103.66,0.28,101.9598583,18.33333333
258,258,258,and,104.24,104.36,0.12,0.04,1,3,0.04,0.136464839,104.3,0.04,107.9460564,25
259,259,259,they'll,104.4,104.52,0.12,0.04,1,7,0.017142857,0.321264207,104.46,0.04,89.24783405,58.33333333
260,260,260,get,104.56,104.7,0.14,0.02,1,3,0.046666667,0.182568638,104.63,0.02,89.66585845,21.42857143
261,261,261,an,104.72,104.76,0.04,0.04,1,2,0.02,0.054843978,104.74,0.04,89.35085424,50
262,262,262,important,104.8,105.2,0.4,0.02,1,9,0.044444444,0.070263985,105,0.02,89.82655095,22.5
263,263,263,insight.,105.22,105.68,0.46,0.56,1,7,0.065714286,0.054490997,105.45,0.56,80.27089853,15.2173913
264,264,264,unfortunately,106.24,106.92,0.68,0.14,1,13,0.052307692,0.175710378,106.58,0.14,131.117833,19.11764706
265,265,265,people,107.06,107.42,0.36,0.08,1,6,0.06,0.124752631,107.24,0.08,105.2649391,16.66666667
266,266,266,are,107.5,107.72,0.22,0.34,1,3,0.073333333,0.448313191,107.61,0.34,119.1669232,13.63636364
267,267,267,not,108.06,108.32,0.26,0.14,1,3,0.086666667,0.41922314,108.19,0.14,129.5979552,11.53846154
268,268,268,all,108.46,108.66,0.2,0.12,1,3,0.066666667,0.509432984,108.56,0.12,121.3955569,15
269,269,269,skilled,108.78,109.26,0.48,0.16,1,7,0.068571429,0.17313205,109.02,0.16,103.5771883,14.58333333
270,270,270,picking,109.42,109.72,0.3,0.04,1,7,0.042857143,0.114418294,109.57,0.04,100.4036438,23.33333333
271,271,271,the,109.76,109.82,0.06,0.06,1,3,0.02,0.161256797,109.79,0.06,84.28344827,50
272,272,272,right,109.88,110.04,0.16,0.06,1,5,0.032,0.217564705,109.96,0.06,84.33066509,31.25
273,273,273,graph,110.1,110.4,0.3,0.04,1,5,0.06,0.300381705,110.25,0.04,87.67362578,16.66666667
274,274,274,for,110.44,110.52,0.08,0.04,1,3,0.026666667,0.086398218,110.48,0.04,81.21812584,37.5
275,275,275,their,110.56,110.78,0.22,0.18,1,5,0.044,0.169645032,110.67,0.18,87.08701723,22.72727273
276,276,276,their,110.96,111.08,0.12,0.04,1,5,0.024,0.139773223,111.02,0.04,86.67761519,41.66666667
277,277,277,data,111.12,111.36,0.24,0.04,1,4,0.06,0.257363291,111.24,0.04,90.89767412,16.66666667
278,278,278,or,111.4,111.44,0.04,0.06,1,2,0.02,0.335700453,111.42,0.06,111.8974129,50
279,279,279,even,111.5,111.7,0.2,0.08,1,4,0.05,0.351172876,111.6,0.08,151.8662714,20
280,280,280,knowing,111.78,112.12,0.34,0.04,1,7,0.048571429,0.363766956,111.95,0.04,114.6949246,20.58823529
281,281,281,that,112.16,112.26,0.1,0,1,4,0.025,0.076349417,112.21,0,94.30595963,40
282,282,282,they,112.26,112.34,0.08,0.12,1,4,0.02,0.19959485,112.3,0.12,89.0928865,50
283,283,283,need,112.46,112.68,0.22,0.06,1,4,0.055,0.121704401,112.57,0.06,90.22164426,18.18181818
284,284,284,to,112.74,112.82,0.08,0.04,1,2,0.04,0.083605239,112.78,0.04,103.4725221,25
285,285,285,use,112.86,113.02,0.16,0,1,3,0.053333333,0.085452241,112.94,0,86.2259503,18.75
286,286,286,a,113.02,113.06,0.04,0.04,1,1,0.04,0.110352527,113.04,0.04,77.99898124,25
287,287,287,graph,113.1,113.48,0.38,0.4,1,5,0.076,0.202405549,113.29,0.4,83.50313272,13.15789474
288,288,288,and,113.88,114.04,0.16,0.06,1,3,0.053333333,0.264583922,113.96,0.06,101.4268799,18.75
289,289,289,so,114.1,114.24,0.14,0.1,1,2,0.07,0.329967941,114.17,0.1,104.3426225,14.28571429
290,290,290,our,114.34,114.46,0.12,0.06,1,3,0.04,0.480475599,114.4,0.06,102.2733152,25
291,291,291,work,114.52,114.72,0.2,0.02,1,4,0.05,0.151474123,114.62,0.02,151.0655438,20
292,292,292,with,114.74,114.88,0.14,0.06,1,4,0.035,0.189016002,114.81,0.06,114.7467025,28.57142857
293,293,293,google,114.94,115.2,0.26,0.06,1,6,0.043333333,0.141914483,115.07,0.06,94.83889891,23.07692308
294,294,294,sheets,115.26,115.66,0.4,0.34,1,6,0.066666667,0.073191762,115.46,0.34,160.3278271,15
295,295,295,with,116,116.16,0.16,0.08,1,4,0.04,0.236350257,116.08,0.08,102.6613342,25
296,296,296,designs,116.24,116.78,0.54,0.08,1,7,0.077142857,0.198144998,116.51,0.08,88.71075352,12.96296296
297,297,297,to,116.86,117,0.14,0.36,1,2,0.07,0.106475898,116.93,0.36,92.1067262,14.28571429
298,298,298,help,117.36,117.54,0.18,0.06,1,4,0.045,0.171992435,117.45,0.06,148.2105893,22.22222222
299,299,299,people,117.6,117.86,0.26,0.08,1,6,0.043333333,0.171201739,117.73,0.08,143.1935254,23.07692308
300,300,300,get,117.94,118.08,0.14,0.04,1,3,0.046666667,0.324008086,118.01,0.04,126.8686841,21.42857143
301,301,301,the,118.12,118.16,0.04,0.06,1,3,0.013333333,0.33231652,118.14,0.06,139.279458,75
302,302,302,graph,118.22,118.48,0.26,0.04,1,5,0.052,0.544173536,118.35,0.04,108.5880767,19.23076923
303,303,303,they,118.52,118.6,0.08,0.08,1,4,0.02,0.305219824,118.56,0.08,96.34282667,50
304,304,304,need,118.68,118.94,0.26,0.16,1,4,0.065,0.140294353,118.81,0.16,88.03702148,15.38461538
305,305,305,without,119.1,119.46,0.36,0.04,1,7,0.051428571,0.552340859,119.28,0.04,113.683648,19.44444444
306,306,306,them,119.5,119.7,0.2,0.1,1,4,0.05,0.267722994,119.6,0.1,98.78731468,20
307,307,307,even,119.8,120.06,0.26,0.08,1,4,0.065,0.232259984,119.93,0.08,117.4580223,15.38461538
308,308,308,knowing,120.14,120.5,0.36,0.3,1,7,0.051428571,0.313655263,120.32,0.3,101.2610534,19.44444444
309,309,309,that,120.8,120.9,0.1,0.02,1,4,0.025,0.068608485,120.85,0.02,82.30761202,40
310,310,310,they,120.92,121,0.08,0.06,1,4,0.02,0.376885922,120.96,0.06,101.3872095,50
311,311,311,needed,121.06,121.32,0.26,0,1,6,0.043333333,0.181788675,121.19,0,88.78205046,23.07692308
312,312,312,a,121.32,121.36,0.04,0.04,1,1,0.04,0.175293554,121.34,0.04,80.238426,25
313,313,313,graph!,121.4,121.76,0.36,0.22,1,5,0.072,0.106797613,121.58,0.22,81.72803986,13.88888889
314,314,314,something,121.98,122.28,0.3,0.04,1,9,0.033333333,0.207555361,122.13,0.04,102.6333563,30
315,315,315,like,122.32,122.46,0.14,0.02,1,4,0.035,0.215516883,122.39,0.02,82.2231221,28.57142857
316,316,316,that,122.48,122.7,0.22,0.24,1,4,0.055,0.363708169,122.59,0.24,110.0861229,18.18181818
317,317,317,you,122.94,123.02,0.08,0.06,1,3,0.026666667,0.147432432,122.98,0.06,78.94517043,37.5
318,318,318,click,123.08,123.3,0.22,0.02,1,5,0.044,0.162019044,123.19,0.02,102.5973731,22.72727273
319,319,319,on,123.32,123.44,0.12,0.06,1,2,0.06,0.419390762,123.38,0.06,99.89258054,16.66666667
320,320,320,it,123.5,123.62,0.12,0.26,1,2,0.06,0.133499697,123.56,0.26,98.90219884,16.66666667
321,321,321,and,123.88,124.04,0.16,0.02,2,3,0.053333333,0.187606807,123.96,0.02,92.0562575,18.75
322,322,322,you,124.06,124.12,0.06,0.06,2,3,0.02,0.198872003,124.09,0.06,86.33274512,50
323,323,323,get,124.18,124.42,0.24,0.14,2,3,0.08,0.352925355,124.3,0.14,89.51542896,12.5
324,324,324,a,124.56,124.64,0.08,0.06,2,1,0.08,0.321328891,124.6,0.06,86.72323723,12.5
325,325,325,dozen,124.7,125,0.3,0.08,2,5,0.06,0.194420374,124.85,0.08,88.60138729,16.66666667
326,326,326,movies,125.08,125.46,0.38,5.4,2,6,0.063333333,0.104154143,125.27,5.4,75.512719,15.78947368
327,327,327,i,130.86,130.92,0.06,0.08,2,1,0.06,0.166816134,130.89,0.08,112.5443867,16.66666667
328,328,328,think,131,131.22,0.22,0.06,2,5,0.044,0.201976783,131.11,0.06,107.6911689,22.72727273
329,329,329,for,131.28,131.4,0.12,0.06,2,3,0.04,0.331423186,131.34,0.06,156.7398982,25
330,330,330,me,131.46,131.58,0.12,0.1,2,2,0.06,0.22439897,131.52,0.1,121.4977154,16.66666667
331,331,331,the,131.68,131.78,0.1,0.08,2,3,0.033333333,0.276462398,131.73,0.08,97.38765196,30
332,332,332,digital,131.86,132.22,0.36,0.04,2,7,0.051428571,0.231005121,132.04,0.04,121.7775909,19.44444444
333,333,333,transformation,132.26,132.92,0.66,0.08,2,14,0.047142857,0.177203465,132.59,0.08,112.0429651,21.21212121
334,334,334,is,133,133.16,0.16,0.32,2,2,0.08,0.117004043,133.08,0.32,86.05874793,12.5
335,335,335,simply,133.48,133.78,0.3,0.08,2,6,0.05,0.149021206,133.63,0.08,143.1530865,20
336,336,336,making,133.86,134.16,0.3,0.06,2,6,0.05,0.193190011,134.01,0.06,112.711001,20
337,337,337,everything,134.22,134.58,0.36,0.1,2,10,0.036,0.103263873,134.4,0.1,101.2162782,27.77777778
338,338,338,move,134.68,135,0.32,0.34,2,4,0.08,0.107322337,134.84,0.34,88.36953396,12.5
339,339,339,much,135.34,135.56,0.22,0.12,2,4,0.055,0.168613683,135.45,0.12,87.86466374,18.18181818
340,340,340,faster,135.68,136.18,0.5,0.12,2,6,0.083333333,0.149142474,135.93,0.12,82.02170714,12
341,341,341,so,136.3,136.48,0.18,0.68,2,2,0.09,0.239019593,136.39,0.68,102.4165407,11.11111111
342,342,342,i,137.16,137.26,0.1,0.08,1,1,0.1,1,137.21,0.08,124.5594941,10
343,343,343,think,137.34,137.48,0.14,0.02,1,5,0.028,0.184788887,137.41,0.02,174.266268,35.71428571
344,344,344,about,137.5,137.68,0.18,0.02,1,5,0.036,0.447517832,137.59,0.02,130.8887281,27.77777778
345,345,345,when,137.7,137.8,0.1,0.02,1,4,0.025,0.265799359,137.75,0.02,107.3344254,40
346,346,346,i,137.82,137.86,0.04,0.06,1,1,0.04,0.167999198,137.84,0.06,89.42860237,25
347,347,347,first,137.92,138.14,0.22,0.06,1,5,0.044,0.172602,138.03,0.06,125.2190783,22.72727273
348,348,348,entered,138.2,138.46,0.26,0.02,1,7,0.037142857,0.146353234,138.33,0.02,106.612192,26.92307692
349,349,349,the,138.48,138.56,0.08,0.08,1,3,0.026666667,0.138228905,138.52,0.08,98.37309606,37.5
350,350,350,field,138.64,139,0.36,0,1,5,0.072,0.167367572,138.82,0,103.098709,13.88888889
351,351,351,of,139,139.06,0.06,0.06,1,2,0.03,0.127814654,139.03,0.06,82.30891862,33.33333333
352,352,352,visualisation,139.12,139.88,0.76,0.5,1,13,0.058461538,0.08778123,139.5,0.5,86.11987872,17.10526316
353,353,353,i,140.38,140.48,0.1,0.14,2,1,0.1,0.386237397,140.43,0.14,101.8350761,10
354,354,354,went,140.62,140.88,0.26,0.14,2,4,0.065,0.241586231,140.75,0.14,122.0797189,15.38461538
355,355,355,to,141.02,141.18,0.16,0.2,2,2,0.08,0.159391746,141.1,0.2,106.6428206,12.5
356,356,356,a,141.38,141.44,0.06,0.08,1,1,0.06,0.251240087,141.41,0.08,94.37711897,16.66666667
357,357,357,library,141.52,142,0.48,0.14,1,7,0.068571429,0.168556298,141.76,0.14,83.83441692,14.58333333
358,358,358,a,142.14,142.2,0.06,0.08,1,1,0.06,0.085267128,142.17,0.08,94.70473676,16.66666667
359,359,359,university,142.28,142.72,0.44,0.1,1,10,0.044,0.134793136,142.5,0.1,103.7851497,22.72727273
360,360,360,library,142.82,143.3,0.48,0.16,1,7,0.068571429,0.204978118,143.06,0.16,84.18776059,14.58333333
361,361,361,i,143.46,143.52,0.06,0.12,1,1,0.06,0.308418782,143.49,0.12,117.6996422,16.66666667
362,362,362,looked,143.64,143.86,0.22,0,1,6,0.036666667,0.244731573,143.75,0,106.8623431,27.27272727
363,363,363,up,143.86,143.98,0.12,0.06,1,2,0.06,0.262010955,143.92,0.06,109.1634956,16.66666667
364,364,364,these,144.04,144.22,0.18,0.12,1,5,0.036,0.132139062,144.13,0.12,90.20547348,27.77777778
365,365,365,paper,144.34,144.92,0.58,0.26,1,5,0.116,0.244316702,144.63,0.26,132.4631878,8.620689655
366,366,366,journals,145.18,145.74,0.56,0.4,2,8,0.07,0.139719032,145.46,0.4,88.37740262,14.28571429
367,367,367,and,146.14,146.32,0.18,0.12,2,3,0.06,0.432171599,146.23,0.12,98.34139013,16.66666667
368,368,368,flipped,146.44,146.94,0.5,0.08,2,7,0.071428571,0.122322009,146.69,0.08,153.1816075,14
369,369,369,through,147.02,147.28,0.26,0.1,2,7,0.037142857,0.316320143,147.15,0.1,155.3257264,26.92307692
370,370,370,old,147.38,147.58,0.2,0.06,2,3,0.066666667,0.40659427,147.48,0.06,113.5556742,15
371,371,371,articles,147.64,148.24,0.6,0.14,2,8,0.075,0.237827244,147.94,0.14,99.05023321,13.33333333
372,372,372,and,148.38,148.64,0.26,0.32,2,3,0.086666667,0.374747247,148.51,0.32,88.53134873,11.53846154
373,373,373,read,148.96,149.18,0.22,0.02,2,4,0.055,0.462695199,149.07,0.02,106.6194402,18.18181818
374,374,374,them,149.2,149.48,0.28,0.22,2,4,0.07,0.384341838,149.34,0.22,116.5685615,14.28571429
375,375,375,looking,149.7,150.04,0.34,0.04,1,7,0.048571429,0.215623104,149.87,0.04,108.491456,20.58823529
376,376,376,for,150.08,150.18,0.1,0.02,1,3,0.033333333,0.176881523,150.13,0.02,102.2423392,30
377,377,377,the,150.2,150.26,0.06,0.08,1,3,0.02,0.183253979,150.23,0.08,87.31818553,50
378,378,378,pain,150.34,150.6,0.26,0.04,1,4,0.065,0.134207261,150.47,0.04,105.3610642,15.38461538
379,379,379,stakingly,150.64,151.16,0.52,0.12,1,9,0.057777778,0.202251411,150.9,0.12,105.9002343,17.30769231
380,380,380,for,151.28,151.46,0.18,0.28,1,3,0.06,0.203370908,151.37,0.28,89.71684675,16.66666667
381,381,381,things,151.74,151.96,0.22,0.02,1,6,0.036666667,0.169836795,151.85,0.02,103.9994461,27.27272727
382,382,382,i,151.98,152.02,0.04,0.04,1,1,0.04,0.649031861,152,0.04,103.4773587,25
383,383,383,was,152.06,152.16,0.1,0.04,1,3,0.033333333,0.123189994,152.11,0.04,99.72960026,30
384,384,384,interested,152.2,152.62,0.42,0.02,1,10,0.042,0.119008265,152.41,0.02,92.0970867,23.80952381
385,385,385,in,152.64,152.78,0.14,0.54,1,2,0.07,0.115630992,152.71,0.54,81.16660863,14.28571429
386,386,386,and,153.32,153.68,0.36,0.08,1,3,0.12,0.560401325,153.5,0.08,102.4626958,8.333333333
387,387,387,it,153.76,153.86,0.1,0.04,1,2,0.05,0.339751169,153.81,0.04,127.6004994,20
388,388,388,took,153.9,154.06,0.16,0.02,1,4,0.04,0.128791759,153.98,0.02,166.8169725,25
389,389,389,me,154.08,154.14,0.06,0.04,1,2,0.03,0.240799766,154.11,0.04,93.94889981,33.33333333
390,390,390,a,154.18,154.22,0.04,0.06,1,1,0.04,0.352583661,154.2,0.06,133.4446929,25
391,391,391,long,154.28,154.64,0.36,0.02,1,4,0.09,0.505616407,154.46,0.02,122.3855164,11.11111111
392,392,392,time,154.66,155,0.34,0.04,1,4,0.085,0.190019621,154.83,0.04,112.5664981,11.76470588
393,393,393,of,155.04,155.12,0.08,0.08,1,2,0.04,0.212770427,155.08,0.08,81.25701915,25
394,394,394,reading,155.2,155.42,0.22,0.04,1,7,0.031428571,0.225915567,155.31,0.04,97.30823525,31.81818182
395,395,395,these,155.46,155.58,0.12,0.04,1,5,0.024,0.074364125,155.52,0.04,84.73221991,41.66666667
396,396,396,paper,155.62,155.9,0.28,0.04,1,5,0.056,0.143428788,155.76,0.04,96.37570477,17.85714286
397,397,397,articles,155.94,156.38,0.44,0.04,1,8,0.055,0.193251736,156.16,0.04,86.37028223,18.18181818
398,398,398,to,156.42,156.48,0.06,0.04,1,2,0.03,0.12967418,156.45,0.04,84.22937344,33.33333333
399,399,399,get,156.52,156.64,0.12,0.04,1,3,0.04,0.201873898,156.58,0.04,89.01346905,25
400,400,400,up,156.68,156.78,0.1,0.02,1,2,0.05,0.02018536,156.73,0.02,,20
401,401,401,to,156.8,156.88,0.08,0.06,1,2,0.04,0.045574827,156.84,0.06,,25
402,402,402,speed.,156.94,157.38,0.44,0.9,1,5,0.088,0.073552793,157.16,0.9,85.58057174,11.36363636
403,403,403,today,158.28,158.62,0.34,0.98,2,5,0.068,0.317058272,158.45,0.98,114.7770205,14.70588235
404,404,404,for,159.6,159.68,0.08,0.02,1,3,0.026666667,0.275601494,159.64,0.02,111.7049236,37.5
405,405,405,example,159.7,160.06,0.36,0.02,1,7,0.051428571,0.232944896,159.88,0.02,94.73252644,19.44444444
406,406,406,in,160.08,160.12,0.04,0.04,1,2,0.02,0.143780046,160.1,0.04,84.63360767,50
407,407,407,machine,160.16,160.44,0.28,0.04,1,7,0.04,0.161766895,160.3,0.04,93.06427292,25
408,408,408,learning,160.48,160.88,0.4,0.1,1,8,0.05,0.199598071,160.68,0.1,117.4130688,20
409,409,409,it,160.98,161.12,0.14,0.06,1,2,0.07,0.017854672,161.05,0.06,,14.28571429
410,410,410,says,161.18,161.44,0.26,0.24,1,4,0.065,0.120785812,161.31,0.24,77.67840753,15.38461538
411,411,411,you,161.68,161.8,0.12,0.2,2,3,0.04,0.131378058,161.74,0.2,87.0494906,25
412,412,412,the,162,162.06,0.06,0.08,1,3,0.02,0.096802611,162.03,0.08,97.46153411,50
413,413,413,field,162.14,162.38,0.24,0.02,1,5,0.048,0.22087741,162.26,0.02,147.9986859,20.83333333
414,414,414,is,162.4,162.48,0.08,0.04,1,2,0.04,0.111676107,162.44,0.04,101.8029686,25
415,415,415,growing,162.52,162.86,0.34,0.06,1,7,0.048571429,0.294441171,162.69,0.06,131.8071954,20.58823529
416,416,416,so,162.92,163.02,0.1,0.08,1,2,0.05,0.162801907,162.97,0.08,122.8556785,20
417,417,417,quickly,163.1,163.42,0.32,0.18,1,7,0.045714286,0.100706496,163.26,0.18,96.14716975,21.875
418,418,418,every,163.6,163.86,0.26,0.02,1,5,0.052,0.270786102,163.73,0.02,179.3896963,19.23076923
419,419,419,time,163.88,164.08,0.2,0.06,1,4,0.05,0.162291538,163.98,0.06,143.2981767,20
420,420,420,someone,164.14,164.38,0.24,0.04,1,7,0.034285714,0.183310148,164.26,0.04,122.5447861,29.16666667
421,421,421,has,164.42,164.58,0.16,0,1,3,0.053333333,0.201322311,164.5,0,113.6331345,18.75
422,422,422,a,164.58,164.62,0.04,0.04,1,1,0.04,0.13414339,164.6,0.04,109.3800291,25
423,423,423,result,164.66,165.12,0.46,0.34,1,6,0.076666667,0.17021765,164.89,0.34,126.5167271,13.04347826
424,424,424,they,165.46,165.6,0.14,0.2,2,4,0.035,0.298574397,165.53,0.2,104.8672872,28.57142857
425,425,425,put,165.8,166.06,0.26,0.04,2,3,0.086666667,0.203259974,165.93,0.04,178.2059636,11.53846154
426,426,426,up,166.1,166.28,0.18,0.4,2,2,0.09,0.346937188,166.19,0.4,72.21060464,11.11111111
427,427,427,a,166.68,166.76,0.08,0.06,1,1,0.08,0.118968759,166.72,0.06,,12.5
428,428,428,paper,166.82,167.24,0.42,0.14,1,5,0.084,0.170414276,167.03,0.14,94.93227608,11.9047619
429,429,429,on,167.38,167.52,0.14,0.04,1,2,0.07,0.215204683,167.45,0.04,81.85284176,14.28571429
430,430,430,something,167.56,167.8,0.24,0.04,1,9,0.026666667,0.131296996,167.68,0.04,94.42677352,37.5
431,431,431,called,167.84,168,0.16,0.02,1,6,0.026666667,0.133222173,167.92,0.02,101.0133305,37.5
432,432,432,the,168.02,168.06,0.04,0.06,1,3,0.013333333,0.298613804,168.04,0.06,121.0364456,75
433,433,433,archive,168.12,168.64,0.52,0.02,1,7,0.074285714,0.258706859,168.38,0.02,83.6306254,13.46153846
434,434,434,it's,168.66,168.82,0.16,0.04,1,4,0.04,0.043685135,168.74,0.04,,25
435,435,435,this,168.86,169.02,0.16,0.1,1,4,0.04,0.084285748,168.94,0.1,78.23949978,25
436,436,436,global,169.12,169.6,0.48,0.06,1,6,0.08,0.162452949,169.36,0.06,90.21422024,12.5
437,437,437,server,169.66,170.02,0.36,0.14,1,6,0.06,0.164486009,169.84,0.14,84.83394346,16.66666667
438,438,438,everyone,170.16,170.5,0.34,0.04,1,8,0.0425,0.151649611,170.33,0.04,86.30457163,23.52941176
439,439,439,has,170.54,170.64,0.1,0.04,1,3,0.033333333,0.074579182,170.59,0.04,92.25177522,30
440,440,440,access,170.68,171.04,0.36,0.04,1,6,0.06,0.11985294,170.86,0.04,79.96460099,16.66666667
441,441,441,to,171.08,171.22,0.14,0.44,1,2,0.07,0.095278267,171.15,0.44,76.57461282,14.28571429
442,442,442,and,171.66,171.84,0.18,0.04,2,3,0.06,0.628331282,171.75,0.04,117.0568154,16.66666667
443,443,443,you'll,171.88,172.02,0.14,0.04,2,6,0.023333333,0.391099349,171.95,0.04,118.3882668,42.85714286
444,444,444,see,172.06,172.26,0.2,0.5,2,3,0.066666667,0.270735712,172.16,0.5,110.7682026,15
445,445,445,literally,172.76,173.4,0.64,0.22,2,9,0.071111111,0.28080361,173.08,0.22,143.267492,14.0625
446,446,446,dozens,173.62,174.02,0.4,0,1,6,0.066666667,0.324362864,173.82,0,101.0932083,15
447,447,447,of,174.02,174.12,0.1,0.04,1,2,0.05,0.216116827,174.07,0.04,88.27181866,20
448,448,448,papers,174.16,174.56,0.4,0.02,1,6,0.066666667,0.155606053,174.36,0.02,85.35236801,15
449,449,449,a,174.58,174.64,0.06,0.04,1,1,0.06,0.135697802,174.61,0.04,74.74939236,16.66666667
450,450,450,day,174.68,174.96,0.28,0.28,1,3,0.093333333,0.131644702,174.82,0.28,74.17076129,10.71428571
451,451,451,come,175.24,175.44,0.2,0.06,2,4,0.05,0.216290022,175.34,0.06,88.23436,20
452,452,452,out,175.5,175.72,0.22,0.22,2,3,0.073333333,0.147601067,175.61,0.22,71.02512134,13.63636364
453,453,453,and,175.94,176.08,0.14,0.02,1,3,0.046666667,0.251081202,176.01,0.02,108.771599,21.42857143
454,454,454,it's,176.1,176.22,0.12,0.04,1,4,0.03,0.100470758,176.16,0.04,103.0957257,33.33333333
455,455,455,become,176.26,176.7,0.44,0.32,1,6,0.073333333,0.255151032,176.48,0.32,100.2996315,13.63636364
456,456,456,both,177.02,177.3,0.28,0.16,2,4,0.07,0.248695345,177.16,0.16,93.32173369,14.28571429
457,457,457,this,177.46,177.64,0.18,0.44,2,4,0.045,0.166882107,177.55,0.44,94.14992497,22.22222222
458,458,458,amazing,178.08,178.62,0.54,0.04,1,7,0.077142857,0.301387381,178.35,0.04,119.8263173,12.96296296
459,459,459,way,178.66,178.76,0.1,0.04,1,3,0.033333333,0.453194067,178.71,0.04,96.58387898,30
460,460,460,to,178.8,178.86,0.06,0.06,1,2,0.03,0.239098214,178.83,0.06,98.6946771,33.33333333
461,461,461,keep,178.92,179.14,0.22,0.04,1,4,0.055,0.115923957,179.03,0.04,87.45122311,18.18181818
462,462,462,up,179.18,179.36,0.18,0.14,1,2,0.09,0.176727646,179.27,0.14,107.4574275,11.11111111
463,463,463,and,179.5,179.6,0.1,0.06,1,3,0.033333333,0.480947451,179.55,0.06,90.94754816,30
464,464,464,to,179.66,179.72,0.06,0.04,1,2,0.03,0.141393315,179.69,0.04,91.63588731,33.33333333
465,465,465,see,179.76,179.84,0.08,0.06,1,3,0.026666667,0.187031653,179.8,0.06,111.0958331,37.5
466,466,466,what's,179.9,180.04,0.14,0.02,1,6,0.023333333,0.078076938,179.97,0.02,99.75899199,42.85714286
467,467,467,happening,180.06,180.48,0.42,0.26,1,9,0.046666667,0.210823043,180.27,0.26,80.63813926,21.42857143
468,468,468,but,180.74,180.84,0.1,0.04,1,3,0.033333333,0.381416534,180.79,0.04,112.1014467,30
469,469,469,it,180.88,180.92,0.04,0.04,1,2,0.02,0.708479575,180.9,0.04,,50
470,470,470,also,180.96,181.18,0.22,0.04,1,4,0.055,0.241297426,181.07,0.04,199.6340569,18.18181818
471,471,471,means,181.22,181.38,0.16,0.02,1,5,0.032,0.162287976,181.3,0.02,132.1274841,31.25
472,472,472,the,181.4,181.44,0.04,0.1,1,3,0.013333333,0.249093005,181.42,0.1,102.4320993,75
473,473,473,field,181.54,181.82,0.28,0,1,5,0.056,0.165586553,181.68,0,201.53572,17.85714286
474,474,474,is,181.82,181.92,0.1,0.04,1,2,0.05,0.131089064,181.87,0.04,87.59690921,20
475,475,475,moving,181.96,182.22,0.26,0.24,1,6,0.043333333,0.18791443,182.09,0.24,99.38331813,23.07692308
476,476,476,really,182.46,182.78,0.32,0.04,1,6,0.053333333,0.253174579,182.62,0.04,162.0668254,18.75
477,477,477,really,182.82,182.98,0.16,0.08,1,6,0.026666667,0.300475053,182.9,0.08,144.1305357,37.5
478,478,478,fast,183.06,183.36,0.3,0.04,1,4,0.075,0.573060073,183.21,0.04,182.8301522,13.33333333
479,479,479,that,183.4,183.48,0.08,0.06,1,4,0.02,0.261046017,183.44,0.06,122.2074133,50
480,480,480,people,183.54,183.78,0.24,0.06,1,6,0.04,0.166479668,183.66,0.06,143.1278996,25
481,481,481,can,183.84,183.94,0.1,0.08,1,3,0.033333333,0.122876423,183.89,0.08,95.3244071,30
482,482,482,play,184.02,184.24,0.22,0.04,1,4,0.055,0.555052008,184.13,0.04,120.2805079,18.18181818
483,483,483,off,184.28,184.4,0.12,0.04,1,3,0.04,0.536314057,184.34,0.04,108.0929434,25
484,484,484,each,184.44,184.56,0.12,0.02,1,4,0.03,0.128353293,184.5,0.02,90.85093404,33.33333333
485,485,485,other's,184.58,184.82,0.24,0.02,1,7,0.034285714,0.13855224,184.7,0.02,90.06455499,29.16666667
486,486,486,ideas,184.84,185.3,0.46,0.08,1,5,0.092,0.30856734,185.07,0.08,128.9115897,10.86956522
487,487,487,improve,185.38,185.74,0.36,0.02,1,7,0.051428571,0.12513554,185.56,0.02,118.9581038,19.44444444
488,488,488,each,185.76,185.9,0.14,0.02,1,4,0.035,0.100447961,185.83,0.02,133.7810707,28.57142857
489,489,489,other's,185.92,186.18,0.26,0.04,1,7,0.037142857,0.235532364,186.05,0.04,114.3239162,26.92307692
490,490,490,ideas,186.22,186.6,0.38,0.42,1,5,0.076,0.246733652,186.41,0.42,97.65333258,13.15789474
491,491,491,and,187.02,187.18,0.16,0.02,2,3,0.053333333,0.593222332,187.1,0.02,105.5376366,18.75
492,492,492,i,187.2,187.24,0.04,0.06,2,1,0.04,0.517218792,187.22,0.06,97.37174341,25
493,493,493,think,187.3,187.52,0.22,0.24,2,5,0.044,0.248282562,187.41,0.24,105.2006645,22.72727273
494,494,494,i'm,187.76,187.88,0.12,0.02,1,3,0.04,0.83275285,187.82,0.02,126.1519077,25
495,495,495,not,187.9,188.02,0.12,0.02,1,3,0.04,0.779241158,187.96,0.02,141.5244649,25
496,496,496,the,188.04,188.1,0.06,0.04,1,3,0.02,0.427719648,188.07,0.04,125.9664961,50
497,497,497,only,188.14,188.34,0.2,0.04,1,4,0.05,0.3410009,188.24,0.04,121.3648221,20
498,498,498,one,188.38,188.5,0.12,0.02,1,3,0.04,0.259452879,188.44,0.02,96.00112574,25
499,499,499,in,188.52,188.58,0.06,0.02,1,2,0.03,0.089982725,188.55,0.02,87.8705802,33.33333333
500,500,500,the,188.6,188.66,0.06,0.04,1,3,0.02,0.206865787,188.63,0.04,73.99673741,50
501,501,501,field,188.7,188.96,0.26,0.02,1,5,0.052,0.333302022,188.83,0.02,115.2696892,19.23076923
502,502,502,who,188.98,189.06,0.08,0.04,1,3,0.026666667,0.26020094,189.02,0.04,92.83562029,37.5
503,503,503,feel,189.1,189.26,0.16,0.06,1,4,0.04,0.270039218,189.18,0.06,95.56401342,25
504,504,504,simultaneously,189.32,190,0.68,0.38,1,14,0.048571429,0.208180934,189.66,0.38,96.1104589,20.58823529
505,505,505,grateful,190.38,190.84,0.46,0.32,2,8,0.0575,0.219486639,190.61,0.32,133.6334729,17.39130435
506,506,506,but,191.16,191.26,0.1,0.04,1,3,0.033333333,0.377180592,191.21,0.04,117.3248095,30
507,507,507,also,191.3,191.52,0.22,0.1,1,4,0.055,0.482505028,191.41,0.1,104.5666477,18.18181818
508,508,508,perennially,191.62,192.22,0.6,0.1,1,11,0.054545455,0.244236643,191.92,0.1,95.39195455,18.33333333
509,509,509,behind,192.32,192.84,0.52,0.62,1,6,0.086666667,0.126436248,192.58,0.62,86.35994042,11.53846154
510,510,510,that,193.46,193.62,0.16,0.16,2,4,0.04,0.220406415,193.54,0.16,89.66179005,25
511,511,511,it's,193.78,193.96,0.18,0.12,2,4,0.045,0.078084256,193.87,0.12,97.2404215,22.22222222
512,512,512,it's,194.08,194.24,0.16,0.32,2,4,0.04,0.122205196,194.16,0.32,106.5097035,25
513,513,513,the,194.56,194.64,0.08,0.16,2,3,0.026666667,0.372490424,194.6,0.16,93.94535059,37.5
514,514,514,it's,194.8,194.98,0.18,0.06,2,4,0.045,0.068938827,194.89,0.06,103.4387689,22.22222222
515,515,515,wonderful,195.04,195.68,0.64,0.6,2,9,0.071111111,0.280034676,195.36,0.6,120.0293322,14.0625
516,516,516,that,196.28,196.4,0.12,0.04,1,4,0.03,0.247473354,196.34,0.04,102.3804558,33.33333333
517,517,517,knowledge,196.44,196.82,0.38,0.02,1,9,0.042222222,0.429533628,196.63,0.02,100.3666367,23.68421053
518,518,518,is,196.84,196.94,0.1,0.04,1,2,0.05,0.124899603,196.89,0.04,92.07715165,20
519,519,519,moving,196.98,197.24,0.26,0.04,1,6,0.043333333,0.138441761,197.11,0.04,89.55403738,23.07692308
520,520,520,so,197.28,197.4,0.12,0.08,1,2,0.06,0.219034005,197.34,0.08,86.26770131,16.66666667
521,521,521,fast,197.48,197.84,0.36,0.06,1,4,0.09,0.210070491,197.66,0.06,105.3919546,11.11111111
522,522,522,today,197.9,198.18,0.28,0.6,1,5,0.056,0.139595925,198.04,0.6,116.2606152,17.85714286
523,523,523,but,198.78,198.92,0.14,0.4,2,3,0.046666667,0.515588672,198.85,0.4,91.07021421,21.42857143
524,524,524,it's,199.32,199.48,0.16,0.06,1,4,0.04,0.190404008,199.4,0.06,97.96284162,25
525,525,525,also,199.54,199.84,0.3,0.14,1,4,0.075,0.337065582,199.69,0.14,95.36741956,13.33333333
526,526,526,really,199.98,200.22,0.24,0.04,1,6,0.04,0.166967573,200.1,0.04,86.62948589,25
527,527,527,really,200.26,200.42,0.16,0.06,1,6,0.026666667,0.193007634,200.34,0.06,82.57075902,37.5
528,528,528,hard,200.48,200.68,0.2,0.02,1,4,0.05,0.138230635,200.58,0.02,74.64460668,20
529,529,529,to,200.7,200.76,0.06,0.06,1,2,0.03,0.049193089,200.73,0.06,,33.33333333
530,530,530,keep,200.82,200.98,0.16,0.04,1,4,0.04,0.061526564,200.9,0.04,,25
531,531,531,up.,201.02,201.2,0.18,0.66,1,2,0.09,0.03660949,201.11,0.66,,11.11111111
532,532,532,google,201.86,202.16,0.3,0.02,1,6,0.05,0.368810379,202.01,0.02,161.8462793,20
533,533,533,scholar,202.18,202.56,0.38,0.04,1,7,0.054285714,0.501840264,202.37,0.04,127.2345261,18.42105263
534,534,534,shows,202.6,202.86,0.26,0.02,1,5,0.052,0.258970099,202.73,0.02,105.8109351,19.23076923
535,535,535,here,202.88,203.04,0.16,0.02,1,4,0.04,0.307948448,202.96,0.02,101.7640348,25
536,536,536,it,203.06,203.18,0.12,0.22,1,2,0.06,0.08787618,203.12,0.22,110.5673434,16.66666667
537,537,537,citation,203.4,203.9,0.5,0.04,1,8,0.0625,0.14983968,203.65,0.04,92.05054555,16
538,538,538,data,203.94,204.22,0.28,0.3,1,4,0.07,0.14286656,204.08,0.3,,14.28571429
539,539,539,and,204.52,204.76,0.24,0.04,1,3,0.08,0.453466671,204.64,0.04,98.58168197,12.5
540,540,540,i,204.8,204.84,0.04,0.06,1,1,0.04,0.635669935,204.82,0.06,103.6102265,25
541,541,541,think,204.9,205.02,0.12,0.04,1,5,0.024,0.30548662,204.96,0.04,152.2429981,41.66666667
542,542,542,that's,205.06,205.22,0.16,0.06,1,6,0.026666667,0.517639022,205.14,0.06,144.2408991,37.5
543,543,543,interesting,205.28,205.74,0.46,0.06,1,11,0.041818182,0.221732076,205.51,0.06,109.4952833,23.91304348
544,544,544,from,205.8,205.94,0.14,0.04,1,4,0.035,0.302082786,205.87,0.04,94.43121675,28.57142857
545,545,545,a,205.98,206.02,0.04,0.06,1,1,0.04,0.293973866,206,0.06,91.19202426,25
546,546,546,vanity,206.08,206.44,0.36,0.06,1,6,0.06,0.166021044,206.26,0.06,83.48803523,16.66666667
547,547,547,point,206.5,206.72,0.22,0,1,5,0.044,0.143050925,206.61,0,80.23554539,22.72727273
548,548,548,of,206.72,206.8,0.08,0.02,1,2,0.04,0.096116736,206.76,0.02,,25
549,549,549,view,206.82,207.02,0.2,0.3,1,4,0.05,0.047840626,206.92,0.3,,20
550,550,550,however,207.32,207.76,0.44,0.18,1,7,0.062857143,0.345662988,207.54,0.18,146.0045926,15.90909091
551,551,551,it's,207.94,208.1,0.16,0.04,1,4,0.04,0.145912698,208.02,0.04,105.5699532,25
552,552,552,interesting,208.14,208.52,0.38,0.06,1,11,0.034545455,0.172826863,208.33,0.06,181.3579121,28.94736842
553,553,553,from,208.58,208.7,0.12,0.02,1,4,0.03,0.218140078,208.64,0.02,133.4171683,33.33333333
554,554,554,another,208.72,209.06,0.34,0.06,1,7,0.048571429,0.25371657,208.89,0.06,136.8081906,20.58823529
555,555,555,point,209.12,209.32,0.2,0.02,1,5,0.04,0.119544054,209.22,0.02,83.37497923,25
556,556,556,if,209.34,209.44,0.1,0,1,2,0.05,0.063312344,209.39,0,77.11038772,20
557,557,557,you,209.44,209.52,0.08,0.06,1,3,0.026666667,0.155189887,209.48,0.06,81.55139442,37.5
558,558,558,as,209.58,209.66,0.08,0.04,1,2,0.04,0.087906929,209.62,0.04,88.12708286,25
559,559,559,well,209.7,210.02,0.32,0.32,1,4,0.08,0.294395018,209.86,0.32,157.3291015,12.5
560,560,560,which,210.34,210.52,0.18,0.02,1,5,0.036,0.271439412,210.43,0.02,111.0705281,27.77777778
561,561,561,is,210.54,210.68,0.14,0.04,1,2,0.07,0.325741123,210.61,0.04,104.12386,14.28571429
562,562,562,that,210.72,210.88,0.16,0.16,1,4,0.04,0.392271695,210.8,0.16,106.5205001,25
563,563,563,i'll,211.04,211.2,0.16,0.04,1,4,0.04,0.408829848,211.12,0.04,113.5873915,25
564,564,564,go,211.24,211.34,0.1,0.1,1,2,0.05,0.326671583,211.29,0.1,123.8025189,20
565,565,565,there,211.44,211.66,0.22,0.12,1,5,0.044,0.423951647,211.55,0.12,134.7233047,22.72727273
566,566,566,i'll,211.78,211.94,0.16,0.06,1,4,0.04,0.215512931,211.86,0.06,100.9744403,25
567,567,567,see,212,212.12,0.12,0.08,1,3,0.04,0.213859746,212.06,0.08,135.7120693,25
568,568,568,papers,212.2,212.6,0.4,0.04,1,6,0.066666667,0.235642767,212.4,0.04,106.7530145,15
569,569,569,that,212.64,212.76,0.12,0.08,1,4,0.03,0.095228238,212.7,0.08,103.5640273,33.33333333
570,570,570,cite,212.84,213.06,0.22,0.06,1,4,0.055,0.360150366,212.95,0.06,94.04461173,18.18181818
571,571,571,my,213.12,213.22,0.1,0.04,1,2,0.05,0.604721669,213.17,0.04,94.71335409,20
572,572,572,own,213.26,213.38,0.12,0.04,1,3,0.04,0.163700079,213.32,0.04,87.20216112,25
573,573,573,papers,213.42,213.8,0.38,0.04,1,6,0.063333333,0.100789099,213.61,0.04,88.56140921,15.78947368
574,574,574,and,213.84,213.96,0.12,0.02,1,3,0.04,0.244773807,213.9,0.02,119.7389172,25
575,575,575,they're,213.98,214.12,0.14,0.14,1,7,0.02,0.330528281,214.05,0.14,114.6098124,50
576,576,576,really,214.26,214.62,0.36,0.12,1,6,0.06,0.31257061,214.44,0.12,134.8714093,16.66666667
577,577,577,interesting,214.74,215.28,0.54,0.14,1,11,0.049090909,0.096341194,215.01,0.14,104.9241831,20.37037037
578,578,578,and,215.42,215.56,0.14,0.04,1,3,0.046666667,0.551818617,215.49,0.04,104.2290112,21.42857143
579,579,579,they,215.6,215.68,0.08,0.1,1,4,0.02,0.464214611,215.64,0.1,102.1025179,50
580,580,580,often,215.78,216.14,0.36,0.06,1,5,0.072,0.501008058,215.96,0.06,115.0844875,13.88888889
581,581,581,are,216.2,216.42,0.22,0.32,1,3,0.073333333,0.571650539,216.31,0.32,93.9614913,13.63636364
582,582,582,important,216.74,217.22,0.48,0.04,2,9,0.053333333,0.141627499,216.98,0.04,124.4586144,18.75
583,583,583,ideas,217.26,217.74,0.48,0.32,2,5,0.096,0.248486785,217.5,0.32,97.89835399,10.41666667
584,584,584,that,218.06,218.22,0.16,0.34,2,4,0.04,0.295140461,218.14,0.34,118.1371966,25
585,585,585,in,218.56,218.66,0.1,0.04,1,2,0.05,0.3229277,218.61,0.04,142.5359739,20
586,586,586,the,218.7,218.74,0.04,0.06,1,3,0.013333333,0.489435324,218.72,0.06,138.0210338,75
587,587,587,past,218.8,219.06,0.26,0.04,1,4,0.065,0.263924025,218.93,0.04,215.7589459,15.38461538
588,588,588,i,219.1,219.14,0.04,0.06,1,1,0.04,0.403337672,219.12,0.06,98.8286805,25
589,589,589,would,219.2,219.34,0.14,0.04,1,5,0.028,0.243799507,219.27,0.04,100.1078401,35.71428571
590,590,590,not,219.38,219.54,0.16,0.04,1,3,0.053333333,0.483163228,219.46,0.04,123.4510163,18.75
591,591,591,have,219.58,219.66,0.08,0.04,1,4,0.02,0.107416688,219.62,0.04,147.7816614,50
592,592,592,had,219.7,219.8,0.1,0.04,1,3,0.033333333,0.197816402,219.75,0.04,109.4494937,30
593,593,593,access,219.84,220.2,0.36,0.04,1,6,0.06,0.174551715,220.02,0.04,121.3958481,16.66666667
594,594,594,to,220.24,220.36,0.12,0.14,1,2,0.06,0.098963354,220.3,0.14,94.04747835,16.66666667
595,595,595,for,220.5,220.68,0.18,0.32,1,3,0.06,0.172581522,220.59,0.32,85.0298094,16.66666667
596,596,596,weeks,221,221.42,0.42,0.02,1,5,0.084,0.158588101,221.21,0.02,148.8931995,11.9047619
597,597,597,or,221.44,221.52,0.08,0.06,1,2,0.04,0.254961988,221.48,0.06,87.68409983,25
598,598,598,months,221.58,221.9,0.32,0.04,1,6,0.053333333,0.273615794,221.74,0.04,104.1071788,18.75
599,599,599,or,221.94,222,0.06,0.06,1,2,0.03,0.251664775,221.97,0.06,80.7897283,33.33333333
600,600,600,maybe,222.06,222.28,0.22,0,1,5,0.044,0.252380484,222.17,0,88.05559559,22.72727273
601,601,601,i,222.28,222.3,0.02,0.06,1,1,0.02,0.463724448,222.29,0.06,96.91620422,50
602,602,602,never,222.36,222.54,0.18,0.04,1,5,0.036,0.194809474,222.45,0.04,102.0354187,27.77777778
603,603,603,would,222.58,222.68,0.1,0,1,5,0.02,0.173190156,222.63,0,89.87838696,50
604,604,604,have,222.68,222.74,0.06,0.04,1,4,0.015,0.131493059,222.71,0.04,78.18452538,66.66666667
605,605,605,seen,222.78,222.98,0.2,0.02,1,4,0.05,0.156141472,222.88,0.02,171.6287866,20
606,606,606,them,223,223.16,0.16,0.44,1,4,0.04,0.119255514,223.08,0.44,83.82046908,25
607,607,607,now,223.6,223.78,0.18,0.06,1,3,0.06,0.448150716,223.69,0.06,149.330226,16.66666667
608,608,608,i,223.84,223.88,0.04,0.1,1,1,0.04,0.603971064,223.86,0.1,208.8143968,25
609,609,609,see,223.98,224.08,0.1,0.08,1,3,0.033333333,0.132711992,224.03,0.08,140.9499774,30
610,610,610,them,224.16,224.28,0.12,0.06,1,4,0.03,0.178237049,224.22,0.06,102.5491577,33.33333333
611,611,611,as,224.34,224.46,0.12,0.04,1,2,0.06,0.110003748,224.4,0.04,92.82460228,16.66666667
612,612,612,soon,224.5,224.84,0.34,0.04,1,4,0.085,0.103108531,224.67,0.04,154.3834071,11.76470588
613,613,613,as,224.88,225.06,0.18,0.14,1,2,0.09,0.12773109,224.97,0.14,140.7688233,11.11111111
614,614,614,they're,225.2,225.36,0.16,0.14,1,7,0.022857143,0.129823071,225.28,0.14,95.68002537,43.75
615,615,615,indexed,225.5,226.14,0.64,0.1,1,7,0.091428571,0.075962998,225.82,0.1,138.6432113,10.9375
616,616,616,and,226.24,226.44,0.2,0.34,1,3,0.066666667,0.472440096,226.34,0.34,109.8540498,15
617,617,617,it's,226.78,226.94,0.16,0,1,4,0.04,0.164199054,226.86,0,113.1683059,25
618,618,618,a,226.94,227,0.06,0.04,1,1,0.06,0.610538603,226.97,0.04,106.8105574,16.66666667
619,619,619,great,227.04,227.24,0.2,0.02,1,5,0.04,0.485764843,227.14,0.02,138.6553211,25
620,620,620,example,227.26,227.68,0.42,0.02,1,7,0.06,0.301599187,227.47,0.02,115.0226616,16.66666667
621,621,621,of,227.7,227.76,0.06,0.04,1,2,0.03,0.248807068,227.73,0.04,88.04602932,33.33333333
622,622,622,how,227.8,227.9,0.1,0.02,1,3,0.033333333,0.500816072,227.85,0.02,99.15751764,30
623,623,623,the,227.92,227.98,0.06,0.02,1,3,0.02,0.343828378,227.95,0.02,93.4403427,50
624,624,624,world,228,228.22,0.22,0.02,1,5,0.044,0.230377499,228.11,0.02,94.3868975,22.72727273
625,625,625,is,228.24,228.36,0.12,0.04,1,2,0.06,0.107078656,228.3,0.04,88.18478567,16.66666667
626,626,626,moving,228.4,228.68,0.28,0.14,1,6,0.046666667,0.118802986,228.54,0.14,83.60396609,21.42857143
627,627,627,so,228.82,228.94,0.12,0.06,1,2,0.06,0.17612559,228.88,0.06,101.8168066,16.66666667
628,628,628,much,229,229.16,0.16,0.04,1,4,0.04,0.13004977,229.08,0.04,83.30294869,25
629,629,629,faster,229.2,229.56,0.36,0.04,1,6,0.06,0.145280447,229.38,0.04,88.05637372,16.66666667
630,630,630,now,229.6,229.78,0.18,0.06,1,3,0.06,0.136196485,229.69,0.06,,16.66666667
631,631,631,which,229.84,230.02,0.18,0.02,1,5,0.036,0.141754618,229.93,0.02,99.08610726,27.77777778
632,632,632,is,230.04,230.18,0.14,0.76,1,2,0.07,0.178224409,230.11,0.76,87.3291654,14.28571429
633,633,633,great,230.94,231.24,0.3,0.06,1,5,0.06,0.287321135,231.09,0.06,116.7665019,16.66666667
634,634,634,on,231.3,231.38,0.08,0.02,1,2,0.04,0.452017684,231.34,0.02,117.0579808,25
635,635,635,the,231.4,231.44,0.04,0.04,1,3,0.013333333,0.420742965,231.42,0.04,113.8438712,75
636,636,636,one,231.48,231.6,0.12,0.04,1,3,0.04,0.35404612,231.54,0.04,108.3128238,25
637,637,637,hand,231.64,231.9,0.26,0.12,1,4,0.065,0.133621704,231.77,0.12,150.2208753,15.38461538
638,638,638,because,232.02,232.46,0.44,0.04,1,7,0.062857143,0.12208271,232.24,0.04,85.86065725,15.90909091
639,639,639,we,232.5,232.58,0.08,0.06,1,2,0.04,0.125429969,232.54,0.06,87.85525116,25
640,640,640,like,232.64,232.82,0.18,0.02,1,4,0.045,0.173277934,232.73,0.02,83.67224801,22.22222222
641,641,641,intellectual,232.84,233.32,0.48,0.06,1,12,0.04,0.18704502,233.08,0.06,110.6175262,25
642,642,642,speed,233.38,233.72,0.34,0.18,1,5,0.068,0.121494112,233.55,0.18,129.6552792,14.70588235
643,643,643,but,233.9,234,0.1,0.04,1,3,0.033333333,0.407379456,233.95,0.04,105.4007724,30
644,644,644,on,234.04,234.12,0.08,0.04,1,2,0.04,0.474782732,234.08,0.04,98.60607411,25
645,645,645,the,234.16,234.2,0.04,0.04,1,3,0.013333333,0.370470805,234.18,0.04,114.7483325,75
646,646,646,other,234.24,234.36,0.12,0.04,1,5,0.024,0.311394235,234.3,0.04,106.3383849,41.66666667
647,647,647,hand,234.4,234.6,0.2,0.04,1,4,0.05,0.22691052,234.5,0.04,102.4230647,20
648,648,648,it,234.64,234.72,0.08,0.04,1,2,0.04,0.182164737,234.68,0.04,100.0393942,25
649,649,649,also,234.76,235.04,0.28,0.52,1,4,0.07,0.307139097,234.9,0.52,99.69947973,14.28571429
650,650,650,it's,235.56,235.72,0.16,0.02,2,4,0.04,0.264336249,235.64,0.02,109.5392789,25
651,651,651,a,235.74,235.78,0.04,0.04,2,1,0.04,0.636222815,235.76,0.04,112.8645256,25
652,652,652,real,235.82,235.98,0.16,0.04,2,4,0.04,0.355716306,235.9,0.04,104.618675,25
653,653,653,challenge,236.02,236.5,0.48,0.18,2,9,0.053333333,0.164125307,236.26,0.18,85.13112474,18.75
654,654,654,of,236.68,236.82,0.14,0.08,2,2,0.07,0.427701403,236.75,0.08,90.99058486,14.28571429
655,655,655,there's,236.9,237.08,0.18,0.02,2,7,0.025714286,0.196574808,236.99,0.02,94.57621908,38.88888889
656,656,656,a,237.1,237.16,0.06,0.02,2,1,0.06,0.282754435,237.13,0.02,85.48685337,16.66666667
657,657,657,lot,237.18,237.36,0.18,0.04,2,3,0.06,0.311774893,237.27,0.04,78.21016314,16.66666667
658,658,658,to,237.4,237.46,0.06,0.06,2,2,0.03,0.12204251,237.43,0.06,,33.33333333
659,659,659,keep,237.52,237.68,0.16,0.04,2,4,0.04,0.059080684,237.6,0.04,,25
660,660,660,up,237.72,237.82,0.1,0.04,2,2,0.05,0.028166734,237.77,0.04,,20
661,661,661,with.,237.86,238.04,0.18,5.08,2,4,0.045,0.054482261,237.95,5.08,118.4144997,22.22222222
662,662,662,understanding,243.12,243.84,0.72,0.1,2,13,0.055384615,0.263388946,243.48,0.1,114.5699119,18.05555556
663,663,663,the,243.94,244,0.06,0.1,2,3,0.02,0.15374348,243.97,0.1,90.99792737,50
664,664,664,right,244.1,244.34,0.24,0.1,2,5,0.048,0.258771797,244.22,0.1,106.0621878,20.83333333
665,665,665,role,244.44,244.76,0.32,0.06,2,4,0.08,0.21994545,244.6,0.06,93.84474667,12.5
666,666,666,for,244.82,244.92,0.1,0.04,2,3,0.033333333,0.140595832,244.87,0.04,101.3023897,30
667,667,667,machine,244.96,245.34,0.38,0.04,2,7,0.054285714,0.108173496,245.15,0.04,106.6730156,18.42105263
668,668,668,learning,245.38,245.84,0.46,0.32,2,8,0.0575,0.086919673,245.61,0.32,80.40898425,17.39130435
669,669,669,in,246.16,246.34,0.18,0.1,2,2,0.09,0.114667051,246.25,0.1,84.8335184,11.11111111
670,670,670,today's,246.44,246.76,0.32,0.04,2,7,0.045714286,0.098551098,246.6,0.04,82.99465737,21.875
671,671,671,economy,246.8,247.3,0.5,0.44,2,7,0.071428571,0.064219438,247.05,0.44,86.16689362,14
672,672,672,that,247.74,247.96,0.22,0.32,2,4,0.055,0.291348744,247.85,0.32,91.10614993,18.18181818
673,673,673,we,248.28,248.36,0.08,0.1,2,2,0.04,0.193245479,248.32,0.1,104.3762969,25
674,674,674,know,248.46,248.68,0.22,0.06,2,4,0.055,0.372866189,248.57,0.06,123.9277696,18.18181818
675,675,675,that,248.74,248.86,0.12,0.38,2,4,0.03,0.288730642,248.8,0.38,141.5216791,33.33333333
676,676,676,the,249.24,249.3,0.06,0.06,1,3,0.02,0.184194669,249.27,0.06,95.79921479,50
677,677,677,technology,249.36,249.98,0.62,0.04,1,10,0.062,0.210161046,249.67,0.04,113.4698636,16.12903226
678,678,678,is,250.02,250.08,0.06,0.02,1,2,0.03,0.053184108,250.05,0.02,,33.33333333
679,679,679,extremely,250.1,250.66,0.56,0.04,1,9,0.062222222,0.09691801,250.38,0.04,108.7717602,16.07142857
680,680,680,powerful,250.7,251.26,0.56,0.54,1,8,0.07,0.125727535,250.98,0.54,91.36351267,14.28571429
681,681,681,and,251.8,252.02,0.22,0.08,1,3,0.073333333,0.206495838,251.91,0.08,80.41972376,13.63636364
682,682,682,it's,252.1,252.24,0.14,0.08,1,4,0.035,0.040111467,252.17,0.08,,28.57142857
683,683,683,getting,252.32,252.52,0.2,0.04,1,7,0.028571429,0.276820399,252.42,0.04,89.90548611,35
684,684,684,more,252.56,252.72,0.16,0.04,1,4,0.04,0.23854452,252.64,0.04,84.40198371,25
685,685,685,powerful,252.76,253.2,0.44,0.06,1,8,0.055,0.197661476,252.98,0.06,86.33528423,18.18181818
686,686,686,every,253.26,253.48,0.22,0.06,1,5,0.044,0.159925796,253.37,0.06,87.26643203,22.72727273
687,687,687,year,253.54,253.78,0.24,0.42,1,4,0.06,0.074304579,253.66,0.42,57.18180399,16.66666667
688,688,688,and,254.2,254.34,0.14,0.02,1,3,0.046666667,0.38047378,254.27,0.02,111.4459008,21.42857143
689,689,689,it,254.36,254.4,0.04,0.04,1,2,0.02,0.526734219,254.38,0.04,91.33032701,50
690,690,690,can,254.44,254.52,0.08,0.04,1,3,0.026666667,0.132691397,254.48,0.04,113.0826606,37.5
691,691,691,do,254.56,254.62,0.06,0.06,1,2,0.03,0.277479202,254.59,0.06,109.2548025,33.33333333
692,692,692,a,254.68,254.72,0.04,0.06,1,1,0.04,0.353663462,254.7,0.06,67.82548034,25
693,693,693,whole,254.78,255.04,0.26,0.04,1,5,0.052,0.220876393,254.91,0.04,159.0646432,19.23076923
694,694,694,lot,255.08,255.2,0.12,0.02,1,3,0.04,0.687823332,255.14,0.02,133.3243407,25
695,695,695,of,255.22,255.28,0.06,0.08,1,2,0.03,0.189127026,255.25,0.08,86.48741952,33.33333333
696,696,696,good,255.36,255.62,0.26,0.08,1,4,0.065,0.195496756,255.49,0.08,96.8502161,15.38461538
697,697,697,for,255.7,255.78,0.08,0.04,1,3,0.026666667,0.053621443,255.74,0.04,97.15568128,37.5
698,698,698,the,255.82,255.88,0.06,0.04,1,3,0.02,0.172138971,255.85,0.04,81.40873627,50
699,699,699,world.,255.92,256.3,0.38,0.52,1,5,0.076,0.104565829,256.11,0.52,77.33845817,13.15789474
700,700,700,i,256.82,256.92,0.1,0.08,1,1,0.1,0.405032785,256.87,0.08,93.96109136,10
701,701,701,think,257,257.18,0.18,0.08,1,5,0.036,0.26224096,257.09,0.08,138.3063399,27.77777778
702,702,702,what,257.26,257.46,0.2,0.16,1,4,0.05,0.367444757,257.36,0.16,104.890991,20
703,703,703,companies,257.62,258.08,0.46,0.04,1,9,0.051111111,0.153848713,257.85,0.04,140.6838153,19.56521739
704,704,704,need,258.12,258.24,0.12,0.02,1,4,0.03,0.210524561,258.18,0.02,117.6003567,33.33333333
705,705,705,to,258.26,258.32,0.06,0.04,1,2,0.03,0.155139733,258.29,0.04,99.58808583,33.33333333
706,706,706,figure,258.36,258.62,0.26,0.02,1,6,0.043333333,0.296391553,258.49,0.02,101.8242401,23.07692308
707,707,707,out,258.64,258.76,0.12,0.04,1,3,0.04,0.464217524,258.7,0.04,85.31167816,25
708,708,708,right,258.8,258.96,0.16,0.04,1,5,0.032,0.232973787,258.88,0.04,85.17054889,31.25
709,709,709,now,259,259.22,0.22,0.1,1,3,0.073333333,0.306943103,259.11,0.1,128.1604266,13.63636364
710,710,710,is,259.32,259.48,0.16,0.32,1,2,0.08,0.110011607,259.4,0.32,82.5667933,12.5
711,711,711,what,259.8,259.98,0.18,0.02,1,4,0.045,0.436651366,259.89,0.02,117.8711534,22.22222222
712,712,712,is,260,260.1,0.1,0.04,1,2,0.05,0.263092294,260.05,0.04,151.575127,20
713,713,713,the,260.14,260.18,0.04,0.04,1,3,0.013333333,0.269576338,260.16,0.04,153.3444767,75
714,714,714,best,260.22,260.42,0.2,0.04,1,4,0.05,0.234251604,260.32,0.04,117.4884257,20
715,715,715,way,260.46,260.56,0.1,0.02,1,3,0.033333333,0.264132117,260.51,0.02,102.4998966,30
716,716,716,to,260.58,260.64,0.06,0.04,1,2,0.03,0.272348157,260.61,0.04,84.31210661,33.33333333
717,717,717,deploy,260.68,261.2,0.52,0.04,1,6,0.086666667,0.121928449,260.94,0.04,82.18004136,11.53846154
718,718,718,it?,261.24,261.4,0.16,0.4,1,2,0.08,0.081692665,261.32,0.4,127.498632,12.5
719,719,719,how,261.8,261.98,0.18,0.02,1,3,0.06,0.428854376,261.89,0.02,138.8195753,16.66666667
720,720,720,do,262,262.08,0.08,0,1,2,0.04,0.212141292,262.04,0,158.4136953,25
721,721,721,you,262.08,262.18,0.1,0.1,1,3,0.033333333,0.348348556,262.13,0.1,156.4623611,30
722,722,722,best,262.28,262.58,0.3,0.14,1,4,0.075,0.360820196,262.43,0.14,113.7805646,13.33333333
723,723,723,understand,262.72,263.42,0.7,0.04,1,10,0.07,0.228914751,263.07,0.04,100.9764346,14.28571429
724,724,724,what,263.46,263.6,0.14,0.02,1,4,0.035,0.127461624,263.53,0.02,81.43347874,28.57142857
725,725,725,it's,263.62,263.74,0.12,0.06,1,4,0.03,0.048390597,263.68,0.06,74.17799285,33.33333333
726,726,726,doing?,263.8,264.18,0.38,0.42,1,5,0.076,0.091250666,263.99,0.42,87.56038748,13.15789474
727,727,727,it's,264.6,264.86,0.26,0.04,1,4,0.065,0.206655902,264.73,0.04,106.3835828,15.38461538
728,728,728,a,264.9,264.96,0.06,0.14,1,1,0.06,0.264390393,264.93,0.14,103.8730743,16.66666667
729,729,729,new,265.1,265.28,0.18,0.04,1,3,0.06,0.212879498,265.19,0.04,131.7873276,16.66666667
730,730,730,kind,265.32,265.5,0.18,0,1,4,0.045,0.169805408,265.41,0,134.7081317,22.22222222
731,731,731,of,265.5,265.56,0.06,0.04,1,2,0.03,0.117252531,265.53,0.04,100.8022719,33.33333333
732,732,732,engineering,265.6,266.12,0.52,0.02,1,11,0.047272727,0.163456761,265.86,0.02,93.4882545,21.15384615
733,733,733,in,266.14,266.22,0.08,0.04,1,2,0.04,0.063636375,266.18,0.04,,25
734,734,734,my,266.26,266.36,0.1,0.08,1,2,0.05,0.331507958,266.31,0.08,81.7829885,20
735,735,735,view,266.44,266.64,0.2,0.08,1,4,0.05,0.064486536,266.54,0.08,82.39791839,20
736,736,736,that,266.72,266.86,0.14,0.32,1,4,0.035,0.132285574,266.79,0.32,91.7212518,28.57142857
737,737,737,just,267.18,267.42,0.24,0.02,1,4,0.06,0.373284177,267.3,0.02,120.8816801,16.66666667
738,738,738,as,267.44,267.56,0.12,0.04,1,2,0.06,0.31719515,267.5,0.04,112.0122676,16.66666667
739,739,739,there,267.6,267.7,0.1,0.02,1,5,0.02,0.233270968,267.65,0.02,99.04799409,50
740,740,740,was,267.72,267.8,0.08,0.02,1,3,0.026666667,0.093327054,267.76,0.02,82.52836665,37.5
741,741,741,a,267.82,267.88,0.06,0.1,1,1,0.06,0.22111435,267.85,0.1,83.7923406,16.66666667
742,742,742,big,267.98,268.16,0.18,0.06,1,3,0.06,0.192549079,268.07,0.06,108.3744992,16.66666667
743,743,743,shift,268.22,268.64,0.42,0.14,1,5,0.084,0.102508857,268.43,0.14,93.3108291,11.9047619
744,744,744,from,268.78,268.96,0.18,0.08,1,4,0.045,0.136382361,268.87,0.08,90.85646442,22.22222222
745,745,745,hardware,269.04,269.6,0.56,0.28,1,8,0.07,0.222108073,269.32,0.28,89.77636598,14.28571429
746,746,746,to,269.88,269.96,0.08,0.08,1,2,0.04,0.090423528,269.92,0.08,101.9801405,25
747,747,747,software,270.04,270.52,0.48,0.44,1,8,0.06,0.151361822,270.28,0.44,112.2208046,16.66666667
748,748,748,i,270.96,271.06,0.1,0.08,1,1,0.1,0.202249516,271.01,0.08,75.39253751,10
749,749,749,think,271.14,271.3,0.16,0.06,1,5,0.032,0.198904167,271.22,0.06,102.4446618,31.25
750,750,750,the,271.36,271.44,0.08,0.1,1,3,0.026666667,0.238476733,271.4,0.1,90.21973776,37.5
751,751,751,switch,271.54,272,0.46,0.06,1,6,0.076666667,0.105537881,271.77,0.06,111.4974714,13.04347826
752,752,752,from,272.06,272.2,0.14,0.08,1,4,0.035,0.161884965,272.13,0.08,88.2774196,28.57142857
753,753,753,software,272.28,272.8,0.52,0.36,1,8,0.065,0.320328069,272.54,0.36,106.1808485,15.38461538
754,754,754,traditional,273.16,273.6,0.44,0.02,1,11,0.04,0.160578009,273.38,0.02,125.3269083,25
755,755,755,software,273.62,273.92,0.3,0.02,1,8,0.0375,0.20165709,273.77,0.02,90.87010555,26.66666667
756,756,756,engineering,273.94,274.46,0.52,0.36,1,11,0.047272727,0.12883676,274.2,0.36,82.74576086,21.15384615
757,757,757,to,274.82,274.9,0.08,0.06,1,2,0.04,0.124994631,274.86,0.06,107.9410053,25
758,758,758,machine,274.96,275.24,0.28,0.04,1,7,0.04,0.209620136,275.1,0.04,90.61601015,25
759,759,759,learning,275.28,275.6,0.32,0.58,1,8,0.04,0.157856258,275.44,0.58,102.3958934,25
760,760,760,that's,276.18,276.4,0.22,0.04,1,6,0.036666667,0.38077034,276.29,0.04,125.1907882,27.27272727
761,761,761,equally,276.44,276.84,0.4,0.08,1,7,0.057142857,0.216642471,276.64,0.08,122.6370677,17.5
762,762,762,big,276.92,277.18,0.26,0.14,1,3,0.086666667,0.163921024,277.05,0.14,96.60658969,11.53846154
763,763,763,and,277.32,277.44,0.12,0.04,1,3,0.04,0.251659527,277.38,0.04,89.90437351,25
764,764,764,it's,277.48,277.6,0.12,0.04,1,4,0.03,0.108994295,277.54,0.04,85.83190823,33.33333333
765,765,765,going,277.64,277.74,0.1,0,1,5,0.02,0.207170995,277.69,0,90.42401345,50
766,766,766,to,277.74,277.78,0.04,0.04,1,2,0.02,0.200227111,277.76,0.04,86.40577905,50
767,767,767,have,277.82,278,0.18,0.08,1,4,0.045,0.213363867,277.91,0.08,88.14900391,22.22222222
768,768,768,equally,278.08,278.44,0.36,0.04,1,7,0.051428571,0.11427877,278.26,0.04,99.40756829,19.44444444
769,769,769,profound,278.48,278.86,0.38,0.02,1,8,0.0475,0.1755877,278.67,0.02,77.86455956,21.05263158
770,770,770,repercussions.,278.88,279.6,0.72,0.74,1,13,0.055384615,0.05655914,279.24,0.74,80.46269368,18.05555556
771,771,771,what,280.34,280.54,0.2,0.04,1,4,0.05,0.360167894,280.44,0.04,124.192992,20
772,772,772,does,280.58,280.72,0.14,0.02,1,4,0.035,0.216913433,280.65,0.02,141.1063767,28.57142857
773,773,773,a,280.74,280.78,0.04,0.04,1,1,0.04,0.239449478,280.76,0.04,123.6032388,25
774,774,774,machine,280.82,281.14,0.32,0.04,1,7,0.045714286,0.126187168,280.98,0.04,109.8340613,21.875
775,775,775,learning,281.18,281.46,0.28,0.04,1,8,0.035,0.163263525,281.32,0.04,95.13173338,28.57142857
776,776,776,system,281.5,281.86,0.36,0.12,1,6,0.06,0.078114605,281.68,0.12,87.97415669,16.66666667
777,777,777,pick,281.98,282.28,0.3,0.02,1,4,0.075,0.083616165,282.13,0.02,101.3936333,13.33333333
778,778,778,up,282.3,282.44,0.14,0.1,1,2,0.07,0.153111932,282.37,0.1,87.07638026,14.28571429
779,779,779,from,282.54,282.68,0.14,0.02,1,4,0.035,0.047244414,282.61,0.02,81.95392636,28.57142857
780,780,780,the,282.7,282.76,0.06,0.06,1,3,0.02,0.152038434,282.73,0.06,77.01567443,50
781,781,781,world?,282.82,283.16,0.34,0.16,1,5,0.068,0.057508209,282.99,0.16,,14.70588235
782,782,782,because,283.32,283.66,0.34,0.04,1,7,0.048571429,0.132935308,283.49,0.04,89.7662017,20.58823529
783,783,783,we,283.7,283.76,0.06,0.06,1,2,0.03,0.271298296,283.73,0.06,97.09583791,33.33333333
784,784,784,know,283.82,283.94,0.12,0.06,1,4,0.03,0.510788459,283.88,0.06,110.1599071,33.33333333
785,785,785,it,284,284.1,0.1,0.04,1,2,0.05,0.178990395,284.05,0.04,108.5962474,20
786,786,786,picks,284.14,284.34,0.2,0.02,1,5,0.04,0.073659547,284.24,0.02,106.2266883,25
787,787,787,up,284.36,284.5,0.14,0.04,1,2,0.07,0.291999684,284.43,0.04,95.14164506,14.28571429
788,788,788,on,284.54,284.64,0.1,0.16,1,2,0.05,0.359917309,284.59,0.16,80.03613087,20
789,789,789,all,284.8,284.98,0.18,0.06,1,3,0.06,0.441906945,284.89,0.06,109.6535548,16.66666667
790,790,790,sorts,285.04,285.28,0.24,0.02,1,5,0.048,0.103982003,285.16,0.02,108.2207048,20.83333333
791,791,791,of,285.3,285.38,0.08,0.06,1,2,0.04,0.070725093,285.34,0.06,82.89011846,25
792,792,792,subtle,285.44,285.7,0.26,0.08,1,6,0.043333333,0.187245312,285.57,0.08,84.90458012,23.07692308
793,793,793,queues,285.78,286.22,0.44,0.34,1,6,0.073333333,0.109139438,286,0.34,88.15611747,13.63636364
794,794,794,in,286.56,286.68,0.12,0.04,1,2,0.06,0.085453195,286.62,0.04,88.16608949,16.66666667
795,795,795,general,286.72,287.02,0.3,0.04,1,7,0.042857143,0.711902535,286.87,0.04,139.6689907,23.33333333
796,796,796,that's,287.06,287.22,0.16,0.02,1,6,0.026666667,0.172344147,287.14,0.02,93.73183412,37.5
797,797,797,exactly,287.24,287.7,0.46,0.06,1,7,0.065714286,0.310385984,287.47,0.06,94.75228116,15.2173913
798,798,798,what,287.76,287.88,0.12,0.04,1,4,0.03,0.186551837,287.82,0.04,93.54304268,33.33333333
799,799,799,we,287.92,287.96,0.04,0.08,1,2,0.02,0.1490511,287.94,0.08,92.34030902,50
800,800,800,want,288.04,288.18,0.14,0.04,1,4,0.035,0.302757777,288.11,0.04,82.74801527,28.57142857
801,801,801,to,288.22,288.28,0.06,0.06,1,2,0.03,0.049339315,288.25,0.06,,33.33333333
802,802,802,happen,288.34,288.7,0.36,0.32,1,6,0.06,0.092699541,288.52,0.32,102.758982,16.66666667
803,803,803,but,289.02,289.14,0.12,0.06,1,3,0.04,0.296173023,289.08,0.06,108.0354415,25
804,804,804,sometimes,289.2,289.66,0.46,0.12,1,9,0.051111111,0.209443778,289.43,0.12,184.0519078,19.56521739
805,805,805,the,289.78,289.84,0.06,0.04,1,3,0.02,0.223531229,289.81,0.04,113.6795039,50
806,806,806,reality,289.88,290.3,0.42,0.04,1,7,0.06,0.524370476,290.09,0.04,117.065672,16.66666667
807,807,807,can,290.34,290.44,0.1,0.04,1,3,0.033333333,0.07236147,290.39,0.04,97.38304919,30
808,808,808,be,290.48,290.54,0.06,0.04,1,2,0.03,0.164225085,290.51,0.04,106.3378302,33.33333333
809,809,809,a,290.58,290.6,0.02,0.04,1,1,0.02,0.293645216,290.59,0.04,93.67521518,50
810,810,810,little,290.64,290.82,0.18,0.04,1,6,0.03,0.185170838,290.73,0.04,104.0118284,33.33333333
811,811,811,bit,290.86,290.98,0.12,0.02,1,3,0.04,0.135256064,290.92,0.02,96.90713638,25
812,812,812,more,291,291.14,0.14,0.06,1,4,0.035,0.180655061,291.07,0.06,86.24851174,28.57142857
813,813,813,complex,291.2,291.8,0.6,0.38,1,7,0.085714286,0.153439928,291.5,0.38,90.31606625,11.66666667
814,814,814,there,292.18,292.34,0.16,0,1,5,0.032,0.261236599,292.26,0,94.86666553,31.25
815,815,815,are,292.34,292.4,0.06,0.06,1,3,0.02,0.339118608,292.37,0.06,91.33467856,50
816,816,816,certainly,292.46,292.84,0.38,0.12,1,9,0.042222222,0.19834925,292.65,0.12,113.3067788,23.68421053
817,817,817,our,292.96,293.2,0.24,0.46,1,3,0.08,0.540051911,293.08,0.46,88.06890187,12.5
818,818,818,biases,293.66,294.2,0.54,0.06,1,6,0.09,0.353656775,293.93,0.06,89.74774681,11.11111111
819,819,819,built,294.26,294.52,0.26,0.02,1,5,0.052,0.166559718,294.39,0.02,87.13412978,19.23076923
820,820,820,into,294.54,294.88,0.34,0.12,1,4,0.085,0.109983808,294.71,0.12,82.26363298,11.76470588
821,821,821,data,295,295.28,0.28,0.04,1,4,0.07,0.203211752,295.14,0.04,101.6518606,14.28571429
822,822,822,sets,295.32,295.66,0.34,0.08,1,4,0.085,0.24588056,295.49,0.08,110.5584909,11.76470588
823,823,823,potentially,295.74,296.32,0.58,0.44,1,11,0.052727273,0.110114946,296.03,0.44,105.3205212,18.96551724
824,824,824,and,296.76,297.12,0.36,0.28,2,3,0.12,0.280362984,296.94,0.28,92.40315476,8.333333333
825,825,825,the,297.4,297.46,0.06,0.02,1,3,0.02,0.089163331,297.43,0.02,120.5406591,50
826,826,826,extent,297.48,297.86,0.38,0.02,1,6,0.063333333,0.215608965,297.67,0.02,131.8006251,15.78947368
827,827,827,that,297.88,297.98,0.1,0,1,4,0.025,0.230282144,297.93,0,118.1868544,40
828,828,828,a,297.98,298.02,0.04,0.02,1,1,0.04,0.170407956,298,0.02,99.57288376,25
829,829,829,machine,298.04,298.34,0.3,0.02,1,7,0.042857143,0.129904836,298.19,0.02,114.6265951,23.33333333
830,830,830,is,298.36,298.44,0.08,0.06,1,2,0.04,0.08121612,298.4,0.06,,25
831,831,831,picking,298.5,298.8,0.3,0.02,1,7,0.042857143,0.112858616,298.65,0.02,104.8650895,23.33333333
832,832,832,up,298.82,298.92,0.1,0.06,1,2,0.05,0.241387541,298.87,0.06,90.79908422,20
833,833,833,on,298.98,299.04,0.06,0.04,1,2,0.03,0.237974343,299.01,0.04,86.27192259,33.33333333
834,834,834,those,299.08,299.24,0.16,0.04,1,5,0.032,0.090521341,299.16,0.04,81.40232441,31.25
835,835,835,biases,299.28,299.78,0.5,0.04,1,6,0.083333333,0.260474397,299.53,0.04,106.050853,12
836,836,836,it's,299.82,299.96,0.14,0.02,1,4,0.035,0.046563589,299.89,0.02,,28.57142857
837,837,837,important,299.98,300.38,0.4,0.02,1,9,0.044444444,0.110787748,300.18,0.02,111.9097844,22.5
838,838,838,that,300.4,300.48,0.08,0.04,1,4,0.02,0.241321277,300.44,0.04,123.6085936,50
839,839,839,we,300.52,300.56,0.04,0.1,1,2,0.02,0.225760784,300.54,0.1,96.33789602,50
840,840,840,understand,300.66,301.2,0.54,0.04,1,10,0.054,0.248062839,300.93,0.04,101.8439355,18.51851852
841,841,841,them,301.24,301.42,0.18,0.14,1,4,0.045,0.112843657,301.33,0.14,132.3589526,22.22222222
842,842,842,and,301.56,301.7,0.14,0.04,1,3,0.046666667,0.171675214,301.63,0.04,97.1332946,21.42857143
843,843,843,we,301.74,301.8,0.06,0.06,1,2,0.03,0.187361831,301.77,0.06,94.51129476,33.33333333
844,844,844,think,301.86,302,0.14,0.02,1,5,0.028,0.096336843,301.93,0.02,105.917754,35.71428571
845,845,845,about,302.02,302.18,0.16,0.04,1,5,0.032,0.309968556,302.1,0.04,92.45700628,31.25
846,846,846,ways,302.22,302.52,0.3,0.06,1,4,0.075,0.22793406,302.37,0.06,86.39661907,13.33333333
847,847,847,to,302.58,302.7,0.12,0.64,1,2,0.06,0.078739837,302.64,0.64,92.12567288,16.66666667
848,848,848,sort,303.34,303.5,0.16,0,2,4,0.04,0.188202297,303.42,0,99.4171383,25
849,849,849,of,303.5,303.56,0.06,0.4,2,2,0.03,0.19826064,303.53,0.4,89.42757378,33.33333333
850,850,850,improve,303.96,304.42,0.46,0.04,1,7,0.065714286,0.168421471,304.19,0.04,126.9563448,15.2173913
851,851,851,machine,304.46,304.78,0.32,0.04,1,7,0.045714286,0.186850815,304.62,0.04,100.9877124,21.875
852,852,852,learning,304.82,305.16,0.34,0.3,1,8,0.0425,0.208150723,304.99,0.3,89.72577755,23.52941176
853,853,853,by,305.46,305.62,0.16,0.28,2,2,0.08,0.608590204,305.54,0.28,93.90058645,12.5
854,854,854,removing,305.9,306.34,0.44,0.06,2,8,0.055,0.189950768,306.12,0.06,96.71901346,18.18181818
855,855,855,biases,306.4,306.98,0.58,0.1,2,6,0.096666667,0.222610064,306.69,0.1,81.98841038,10.34482759
856,856,856,potentially,307.08,307.58,0.5,0.06,2,11,0.045454545,0.125034436,307.33,0.06,80.02981158,22
857,857,857,where,307.64,307.78,0.14,0.04,2,5,0.028,0.13343238,307.71,0.04,81.83930182,35.71428571
858,858,858,they've,307.82,307.98,0.16,2.94,2,7,0.022857143,0.158798426,307.9,2.94,79.11886243,43.75
859,859,859,occurred.,310.92,310.96,0.04,,2,3,0.013333333,0.060670761,310.94,0,147.1151969,75